<?xml version="1.0" encoding="UTF-8"?>

<Observation xmlns="http://hl7.org/fhir">
  <id value="ViralLoadSuppressionExample2"/>
  <meta>
    <profile value="http://jembi.org/fhir/hiv-casereporting/StructureDefinition/hiv-viral-load-suppression"/>
  </meta>
  <text>
    <status value="generated"/><div xmlns="http://www.w3.org/1999/xhtml"><p><b>Generated Narrative: Observation</b><a name="ViralLoadSuppressionExample2"> </a></p><div style="display: inline-block; background-color: #d9e0e7; padding: 6px; margin: 4px; border: 1px solid #8da1b4; border-radius: 5px; line-height: 60%"><p style="margin-bottom: 0px">Resource Observation &quot;ViralLoadSuppressionExample2&quot; </p><p style="margin-bottom: 0px">Profile: <a href="StructureDefinition-hiv-viral-load-suppression.html">HIV viral load suppression</a></p></div><p><b>status</b>: final</p><p><b>code</b>: Viral load result <span style="background: LightGoldenRodYellow; margin: 4px; border: 1px solid khaki"> (<a href="CodeSystem-cs-hiv-obs-codes.html">HIV Case Report Observation codes</a>#VL-RESULT)</span></p><p><b>subject</b>: <a href="Patient-HIVPatientExample.html">Patient/HIVPatientExample</a> &quot; SMITH&quot;</p><p><b>effective</b>: 2021-06-21</p><p><b>value</b>: 200</p><p><b>interpretation</b>: Non Detectable <span style="background: LightGoldenRodYellow; margin: 4px; border: 1px solid khaki"> (<a href="CodeSystem-cs-vl-interpretation.html">Viral load Interpretation</a>#ND)</span>, Suppressed <span style="background: LightGoldenRodYellow; margin: 4px; border: 1px solid khaki"> (<a href="CodeSystem-cs-vl-suppression.html">Viral load Suppression</a>#SUP)</span></p><p><b>note</b>: some comment (By HIVOrganizationExample) @2020-06-09)</p></div>
  </text>
  <status value="final"/>
  <code>
    <coding>
      <system value="http://jembi.org/fhir/hiv-casereporting/CodeSystem/cs-hiv-obs-codes"/>
      <code value="VL-RESULT"/>
      <display value="Viral load result"/>
    </coding>
  </code>
  <subject>
    <reference value="Patient/HIVPatientExample"/>
  </subject>
  <effectiveDateTime value="2021-06-21"/>
  <valueInteger value="200"/>
  <interpretation>
    <coding>
      <system value="http://jembi.org/fhir/hiv-casereporting/CodeSystem/cs-vl-interpretation"/>
      <code value="ND"/>
      <display value="Non Detectable"/>
    </coding>
  </interpretation>
  <interpretation>
    <coding>
      <system value="http://jembi.org/fhir/hiv-casereporting/CodeSystem/cs-vl-suppression"/>
      <code value="SUP"/>
      <display value="Suppressed"/>
    </coding>
  </interpretation>
  <note>
    <authorReference>
      <reference value="HIVOrganizationExample)"/>
    </authorReference>
    <time value="2020-06-09"/>
    <text value="some comment"/>
  </note>
</Observation>