<?xml version="1.0" encoding="UTF-8"?>

<ValueSet xmlns="http://hl7.org/fhir">
  <id value="vs-vl-suppression"/>
  <text>
    <status value="generated"/><div xmlns="http://www.w3.org/1999/xhtml"><ul><li>Include all codes defined in <a href="CodeSystem-cs-vl-suppression.html"><code>http://example.com/fhir/example/CodeSystem/cs-vl-suppression</code></a></li></ul></div>
  </text>
  <url value="http://example.com/fhir/example/ValueSet/vs-vl-suppression"/>
  <version value="0.1.0-test"/>
  <name value="VSVLSuppression"/>
  <title value="Viral load Suppression"/>
  <status value="active"/>
  <date value="2022-11-15T14:41:26+00:00"/>
  <publisher value="xxxYour Work Group"/>
  <contact>
    <telecom>
      <system value="url"/>
      <value value="http://xxhl7.org/Special/committees/[something]"/>
    </telecom>
  </contact>
  <description value="Valueset - Viral load Suppression"/>
  <jurisdiction>
    <coding>
      <system value="http://unstats.un.org/unsd/methods/m49/m49.htm"/>
      <code value="001"/>
    </coding>
  </jurisdiction>
  <compose>
    <include>
      <system value="http://example.com/fhir/example/CodeSystem/cs-vl-suppression"/>
    </include>
  </compose>
</ValueSet>