{"resourceType":"ValueSet","id":"vs-art-status","text":{"status":"generated","div":"<div xmlns=\"http://www.w3.org/1999/xhtml\"><ul><li>Include all codes defined in <a href=\"CodeSystem-cs-art-status.html\"><code>http://jembi.org/fhir/hiv-casereporting/CodeSystem/cs-art-status</code></a></li></ul></div>"},"url":"http://jembi.org/fhir/hiv-casereporting/ValueSet/vs-art-status","version":"0.1.0-test","name":"VSARTStatus","title":"Value-set for ART Status code","status":"active","date":"2022-11-30T18:31:51+00:00","publisher":"xxxYour Work Group","contact":[{"telecom":[{"system":"url","value":"http://xxhl7.org/Special/committees/[something]"}]}],"description":"Value-set for ART status codes","jurisdiction":[{"coding":[{"system":"http://unstats.un.org/unsd/methods/m49/m49.htm","code":"001"}]}],"compose":{"include":[{"system":"http://jembi.org/fhir/hiv-casereporting/CodeSystem/cs-art-status"}]}}