<?xml version="1.0" encoding="UTF-8"?>

<Observation xmlns="http://hl7.org/fhir">
  <id value="ViralLoadSuppressionMostRecentTestDateExample"/>
  <meta>
    <profile value="http://jembi.org/fhir/hiv-casereporting/StructureDefinition/hiv-viral-load-suppression-most-recent-test-date"/>
  </meta>
  <text>
    <status value="generated"/><div xmlns="http://www.w3.org/1999/xhtml"><p><b>Generated Narrative: Observation</b><a name="ViralLoadSuppressionMostRecentTestDateExample"> </a></p><div style="display: inline-block; background-color: #d9e0e7; padding: 6px; margin: 4px; border: 1px solid #8da1b4; border-radius: 5px; line-height: 60%"><p style="margin-bottom: 0px">Resource Observation &quot;ViralLoadSuppressionMostRecentTestDateExample&quot; </p><p style="margin-bottom: 0px">Profile: <a href="StructureDefinition-hiv-viral-load-suppression-most-recent-test-date.html">HIV Viral Load Suppression Most Recent Test Date</a></p></div><p><b>status</b>: final</p><p><b>code</b>: VL most recent test date <span style="background: LightGoldenRodYellow; margin: 4px; border: 1px solid khaki"> (<a href="CodeSystem-cs-hiv-obs-codes.html">HIV Case Report Observation codes</a>#HIV-RECENCY-TEST-CONDUCTED)</span></p><p><b>subject</b>: <a href="Patient-HIVPatientExample.html">Patient/HIVPatientExample</a> &quot; SMITH&quot;</p><p><b>value</b>: 2020-10-01</p></div>
  </text>
  <status value="final"/>
  <code>
    <coding>
      <system value="http://jembi.org/fhir/hiv-casereporting/CodeSystem/cs-hiv-obs-codes"/>
      <code value="HIV-RECENCY-TEST-CONDUCTED"/>
      <display value="VL most recent test date"/>
    </coding>
  </code>
  <subject>
    <reference value="Patient/HIVPatientExample"/>
  </subject>
  <valueDateTime value="2020-10-01"/>
</Observation>