<?xml version="1.0" encoding="UTF-8"?>

<Organization xmlns="http://hl7.org/fhir">
  <id value="HIVOrganizationExample"/>
  <meta>
    <profile value="http://jembi.org/fhir/hiv-casereporting/StructureDefinition/hiv-organization"/>
  </meta>
  <text>
    <status value="generated"/><div xmlns="http://www.w3.org/1999/xhtml"><p><b>Generated Narrative: Organization</b><a name="HIVOrganizationExample"> </a></p><div style="display: inline-block; background-color: #d9e0e7; padding: 6px; margin: 4px; border: 1px solid #8da1b4; border-radius: 5px; line-height: 60%"><p style="margin-bottom: 0px">Resource Organization &quot;HIVOrganizationExample&quot; </p><p style="margin-bottom: 0px">Profile: <a href="StructureDefinition-hiv-organization.html">HIV Organization</a></p></div><p><b>identifier</b>: id: facility1</p><p><b>name</b>: HIV Organization</p><p><b>address</b>: DISI line 1 DISI line 2 DISI line 3 DISI city 1 DISI state 1 DISI postal code DISI country </p></div>
  </text>
  <identifier>
    <system value="http://openhie.org/fhir/hiv-casereporting/identifier/hiv-organization"/>
    <value value="facility1"/>
  </identifier>
  <name value="HIV Organization"/>
  <address>
    <line value="DISI line 1"/>
    <line value="DISI line 2"/>
    <line value="DISI line 3"/>
    <city value="DISI city 1"/>
    <district value="DISI district 1"/>
    <state value="DISI state 1"/>
    <postalCode value="DISI postal code"/>
    <country value="DISI country"/>
  </address>
</Organization>