<?xml version="1.0" encoding="UTF-8"?>

<CodeSystem xmlns="http://hl7.org/fhir">
  <id value="cs-case-report-sections"/>
  <text>
    <status value="generated"/><div xmlns="http://www.w3.org/1999/xhtml"><p>This code system <code>http://example.com/fhir/example/CodeSystem/cs-case-report-sections</code> defines the following codes:</p><table class="codes"><tr><td style="white-space:nowrap"><b>Code</b></td></tr><tr><td style="white-space:nowrap">CLIENT-REGISTRATION<a name="cs-case-report-sections-CLIENT-REGISTRATION"> </a></td></tr><tr><td style="white-space:nowrap">HIV-DIAGNOSIS<a name="cs-case-report-sections-HIV-DIAGNOSIS"> </a></td></tr><tr><td style="white-space:nowrap">HIV-ENTRY-TO-CARE<a name="cs-case-report-sections-HIV-ENTRY-TO-CARE"> </a></td></tr><tr><td style="white-space:nowrap">ARV-TREATMENT<a name="cs-case-report-sections-ARV-TREATMENT"> </a></td></tr><tr><td style="white-space:nowrap">CD4<a name="cs-case-report-sections-CD4"> </a></td></tr><tr><td style="white-space:nowrap">VIRAL-SUPPRESSION<a name="cs-case-report-sections-VIRAL-SUPPRESSION"> </a></td></tr><tr><td style="white-space:nowrap">DEATH<a name="cs-case-report-sections-DEATH"> </a></td></tr></table></div>
  </text>
  <url value="http://example.com/fhir/example/CodeSystem/cs-case-report-sections"/>
  <version value="0.1.0-test"/>
  <name value="CSCaseReportSections"/>
  <title value="HIV Case Report Sections codesystem"/>
  <status value="active"/>
  <date value="2022-11-15T14:41:26+00:00"/>
  <publisher value="xxxYour Work Group"/>
  <contact>
    <telecom>
      <system value="url"/>
      <value value="http://xxhl7.org/Special/committees/[something]"/>
    </telecom>
  </contact>
  <jurisdiction>
    <coding>
      <system value="http://unstats.un.org/unsd/methods/m49/m49.htm"/>
      <code value="001"/>
    </coding>
  </jurisdiction>
  <content value="complete"/>
  <count value="7"/>
  <concept>
    <code value="CLIENT-REGISTRATION"/>
  </concept>
  <concept>
    <code value="HIV-DIAGNOSIS"/>
  </concept>
  <concept>
    <code value="HIV-ENTRY-TO-CARE"/>
  </concept>
  <concept>
    <code value="ARV-TREATMENT"/>
  </concept>
  <concept>
    <code value="CD4"/>
  </concept>
  <concept>
    <code value="VIRAL-SUPPRESSION"/>
  </concept>
  <concept>
    <code value="DEATH"/>
  </concept>
</CodeSystem>