<?xml version="1.0" encoding="UTF-8"?>

<Encounter xmlns="http://hl7.org/fhir">
  <id value="HIVClinicalEncounterExample"/>
  <meta>
    <profile value="http://jembi.org/fhir/hiv-casereporting/StructureDefinition/hiv-clinical-encounter"/>
  </meta>
  <text>
    <status value="extensions"/><div xmlns="http://www.w3.org/1999/xhtml"><p><b>Generated Narrative: Encounter</b><a name="HIVClinicalEncounterExample"> </a></p><div style="display: inline-block; background-color: #d9e0e7; padding: 6px; margin: 4px; border: 1px solid #8da1b4; border-radius: 5px; line-height: 60%"><p style="margin-bottom: 0px">Resource Encounter &quot;HIVClinicalEncounterExample&quot; </p><p style="margin-bottom: 0px">Profile: <a href="StructureDefinition-hiv-clinical-encounter.html">HIV Clinical Encounter</a></p></div><p><b>Next Appointment Date</b>: 2022-10-22</p><p><b>status</b>: finished</p><p><b>class</b>: observation encounter (Details: http://terminology.hl7.org/CodeSystem/v3-ActCode code OBSENC = 'observation encounter', stated as 'null')</p><p><b>subject</b>: <a href="Patient-HIVPatientExample.html">Patient/HIVPatientExample</a> &quot; SMITH&quot;</p><p><b>period</b>: 2021-07-22 --&gt; (ongoing)</p></div>
  </text>
  <extension url="http://jembi.org/fhir/hiv-casereporting/StructureDefinition/hiv-care-next-visit">
    <valueDateTime value="2022-10-22"/>
  </extension>
  <status value="finished"/>
  <class>
    <system value="http://terminology.hl7.org/CodeSystem/v3-ActCode"/>
    <code value="OBSENC"/>
  </class>
  <subject>
    <reference value="Patient/HIVPatientExample"/>
  </subject>
  <period>
    <start value="2021-07-22"/>
  </period>
</Encounter>