{
  "resourceType": "Observation",
  "id": "HIVRecencyTestConductedExample",
  "meta": {
    "profile": [
      "http://jembi.org/fhir/hiv-casereporting/StructureDefinition/hiv-recency-test-conducted"
    ]
  },
  "text": {
    "status": "generated",
    "div": "<div xmlns=\"http://www.w3.org/1999/xhtml\"><p><b>Generated Narrative: Observation</b><a name=\"HIVRecencyTestConductedExample\"> </a></p><div style=\"display: inline-block; background-color: #d9e0e7; padding: 6px; margin: 4px; border: 1px solid #8da1b4; border-radius: 5px; line-height: 60%\"><p style=\"margin-bottom: 0px\">Resource Observation &quot;HIVRecencyTestConductedExample&quot; </p><p style=\"margin-bottom: 0px\">Profile: <a href=\"StructureDefinition-hiv-recency-test-conducted.html\">HIV Recency Test Conducted</a></p></div><p><b>status</b>: final</p><p><b>code</b>: HIV recency test conducted <span style=\"background: LightGoldenRodYellow; margin: 4px; border: 1px solid khaki\"> (<a href=\"CodeSystem-cs-hiv-obs-codes.html\">HIV Case Report Observation codes</a>#HIV-RECENCY-TEST-CONDUCTED)</span></p><p><b>subject</b>: <a href=\"Patient-HIVPatientExample.html\">Patient/HIVPatientExample</a> &quot; SMITH&quot;</p><p><b>encounter</b>: <a href=\"Encounter-HIVClinicalEncounterExample.html\">Encounter/HIVClinicalEncounterExample</a></p><p><b>value</b>: true</p></div>"
  },
  "status": "final",
  "code": {
    "coding": [
      {
        "system": "http://jembi.org/fhir/hiv-casereporting/CodeSystem/cs-hiv-obs-codes",
        "code": "HIV-RECENCY-TEST-CONDUCTED",
        "display": "HIV recency test conducted"
      }
    ]
  },
  "subject": {
    "reference": "Patient/HIVPatientExample"
  },
  "encounter": {
    "reference": "Encounter/HIVClinicalEncounterExample"
  },
  "valueBoolean": true
}