{
  "resourceType": "Observation",
  "id": "HIVDateOfRecencyTestExample",
  "meta": {
    "profile": [
      "http://jembi.org/fhir/hiv-casereporting/StructureDefinition/hiv-date-recency-test"
    ]
  },
  "text": {
    "status": "generated",
    "div": "<div xmlns=\"http://www.w3.org/1999/xhtml\"><p><b>Generated Narrative: Observation</b><a name=\"HIVDateOfRecencyTestExample\"> </a></p><div style=\"display: inline-block; background-color: #d9e0e7; padding: 6px; margin: 4px; border: 1px solid #8da1b4; border-radius: 5px; line-height: 60%\"><p style=\"margin-bottom: 0px\">Resource Observation &quot;HIVDateOfRecencyTestExample&quot; </p><p style=\"margin-bottom: 0px\">Profile: <a href=\"StructureDefinition-hiv-date-recency-test.html\">HIV Date Recency Test</a></p></div><p><b>status</b>: final</p><p><b>code</b>: HIV date recency rest <span style=\"background: LightGoldenRodYellow; margin: 4px; border: 1px solid khaki\"> (<a href=\"CodeSystem-cs-hiv-obs-codes.html\">HIV Case Report Observation codes</a>#HIV-RECENCY-TEST-CONDUCTED)</span></p><p><b>subject</b>: <a href=\"Patient-HIVPatientExample.html\">Patient/HIVPatientExample</a> &quot; SMITH&quot;</p><p><b>encounter</b>: <a href=\"Encounter-HIVClinicalEncounterExample.html\">Encounter/HIVClinicalEncounterExample</a></p><p><b>value</b>: 2020-10-01</p></div>"
  },
  "status": "final",
  "code": {
    "coding": [
      {
        "system": "http://jembi.org/fhir/hiv-casereporting/CodeSystem/cs-hiv-obs-codes",
        "code": "HIV-RECENCY-TEST-CONDUCTED",
        "display": "HIV date recency rest"
      }
    ]
  },
  "subject": {
    "reference": "Patient/HIVPatientExample"
  },
  "encounter": {
    "reference": "Encounter/HIVClinicalEncounterExample"
  },
  "valueDateTime": "2020-10-01"
}