{
  "resourceType": "Organization",
  "id": "HIVOrganizationExample",
  "meta": {
    "profile": [
      "http://jembi.org/fhir/hiv-casereporting/StructureDefinition/hiv-organization"
    ]
  },
  "text": {
    "status": "generated",
    "div": "<div xmlns=\"http://www.w3.org/1999/xhtml\"><p><b>Generated Narrative: Organization</b><a name=\"HIVOrganizationExample\"> </a></p><div style=\"display: inline-block; background-color: #d9e0e7; padding: 6px; margin: 4px; border: 1px solid #8da1b4; border-radius: 5px; line-height: 60%\"><p style=\"margin-bottom: 0px\">Resource Organization &quot;HIVOrganizationExample&quot; </p><p style=\"margin-bottom: 0px\">Profile: <a href=\"StructureDefinition-hiv-organization.html\">HIV Organization</a></p></div><p><b>identifier</b>: id: facility1</p><p><b>name</b>: HIV Organization</p><p><b>address</b>: DISI line 1 DISI line 2 DISI line 3 DISI city 1 DISI state 1 DISI postal code DISI country </p></div>"
  },
  "identifier": [
    {
      "system": "http://openhie.org/fhir/hiv-casereporting/identifier/hiv-organization",
      "value": "facility1"
    }
  ],
  "name": "HIV Organization",
  "address": [
    {
      "line": [
        "DISI line 1",
        "DISI line 2",
        "DISI line 3"
      ],
      "city": "DISI city 1",
      "district": "DISI district 1",
      "state": "DISI state 1",
      "postalCode": "DISI postal code",
      "country": "DISI country"
    }
  ]
}