{
  "package": "xxexample.fhir.uv.myig",
  "version": "0.1.0-test",
  "fhirVersion": "4.0.1",
  "jurisdiction": "001",
  "extensions": [
    {
      "url": "http://example.com/fhir/example/StructureDefinition/art-regimen-line",
      "title": "ART Regimen Line",
      "types": [
        "CodeableConcept",
        "CodeableConcept"
      ]
    },
    {
      "url": "http://example.com/fhir/example/StructureDefinition/art-status",
      "title": "ART Status",
      "types": [
        "CodeableConcept",
        "CodeableConcept"
      ]
    },
    {
      "url": "http://example.com/fhir/example/StructureDefinition/hiv-care-next-visit",
      "title": "Next Appointment Date",
      "types": [
        "dateTime"
      ]
    },
    {
      "url": "http://example.com/fhir/example/StructureDefinition/key-population",
      "title": "Key population",
      "types": [
        "CodeableConcept",
        "CodeableConcept"
      ]
    },
    {
      "url": "http://example.com/fhir/example/StructureDefinition/last-clinical-visit",
      "title": "Last Clinical Visit",
      "types": [
        "dateTime"
      ]
    }
  ],
  "profiles": {
    "Observation": [
      {
        "url": "http://example.com/fhir/example/StructureDefinition/hiv-viral-load-suppression",
        "title": "HIV viral load suppression"
      },
      {
        "url": "http://example.com/fhir/example/StructureDefinition/hiv-viral-load-suppression-most-recent-test-date",
        "title": "HIV Viral Load Suppression Most Recent Test Date"
      },
      {
        "url": "http://example.com/fhir/example/StructureDefinition/hiv-viral-load-suppression-most-recent-test-result",
        "title": "HIV Viral Load Suppression Most Recent Test Result"
      }
    ],
    "CarePlan": [
      {
        "url": "http://example.com/fhir/example/StructureDefinition/hiv-arv-treatment",
        "title": "ARVCarePlan"
      }
    ],
    "Encounter": [
      {
        "url": "http://example.com/fhir/example/StructureDefinition/hiv-disgnosis-encounter",
        "title": "HIV Diagnosis Encounter"
      }
    ],
    "Composition": [
      {
        "url": "http://example.com/fhir/example/StructureDefinition/hiv-composition",
        "title": "HIV Case Reporting Composition"
      }
    ],
    "Condition": [
      {
        "url": "http://example.com/fhir/example/StructureDefinition/hiv-diagnosis",
        "title": "HIV Diagnosis"
      }
    ],
    "EpisodeOfCare": [
      {
        "url": "http://example.com/fhir/example/StructureDefinition/hiv-episode-of-care",
        "title": "HIV Episode Of Care"
      }
    ],
    "MedicationRequest": [
      {
        "url": "http://example.com/fhir/example/StructureDefinition/hiv-med-req",
        "title": "HIV Care Medication Request"
      }
    ],
    "Organization": [
      {
        "url": "http://example.com/fhir/example/StructureDefinition/hiv-organization",
        "title": "HIV Organization"
      }
    ],
    "Patient": [
      {
        "url": "http://example.com/fhir/example/StructureDefinition/hiv-patient",
        "title": "HIV Patient"
      }
    ],
    "RelatedPerson": [
      {
        "url": "http://example.com/fhir/example/StructureDefinition/hiv-related-person",
        "title": "HIV Related Person"
      }
    ],
    "ServiceRequest": [
      {
        "url": "http://example.com/fhir/example/StructureDefinition/hiv-service-request",
        "title": "HIV Service Request"
      },
      {
        "url": "http://example.com/fhir/example/StructureDefinition/hiv-transfer-out",
        "title": "HIV Transfer Out Request"
      }
    ],
    "Specimen": [
      {
        "url": "http://example.com/fhir/example/StructureDefinition/viral-load-specimen",
        "title": "Viral Load Specimen"
      }
    ],
    "Procedure": [
      {
        "url": "http://example.com/fhir/example/StructureDefinition/vl-procedure-info",
        "title": "VL Procedure info"
      }
    ]
  },
  "usage": {
    "http://example.com/fhir/example/StructureDefinition/art-regimen-line": [
      "CarePlan.activity.detail"
    ],
    "http://example.com/fhir/example/StructureDefinition/art-status": [
      "CarePlan"
    ],
    "http://example.com/fhir/example/StructureDefinition/hiv-care-next-visit": [
      "Encounter"
    ],
    "http://example.com/fhir/example/StructureDefinition/key-population": [
      "Patient"
    ],
    "http://example.com/fhir/example/StructureDefinition/last-clinical-visit": [
      "Observation"
    ],
    "http://hl7.org/fhir/StructureDefinition/elementdefinition-bestpractice": [
      "StructureDefinition.snapshot.element.constraint"
    ],
    "http://hl7.org/fhir/StructureDefinition/elementdefinition-bestpractice-explanation": [
      "StructureDefinition.snapshot.element.constraint"
    ],
    "http://hl7.org/fhir/StructureDefinition/elementdefinition-bindingName": [
      "StructureDefinition.snapshot.element.binding"
    ],
    "http://hl7.org/fhir/StructureDefinition/elementdefinition-isCommonBinding": [
      "StructureDefinition.snapshot.element.binding"
    ],
    "http://hl7.org/fhir/StructureDefinition/elementdefinition-maxValueSet": [
      "StructureDefinition.snapshot.element.binding"
    ],
    "http://hl7.org/fhir/StructureDefinition/structuredefinition-category": [
      "StructureDefinition"
    ],
    "http://hl7.org/fhir/StructureDefinition/structuredefinition-display-hint": [
      "StructureDefinition.snapshot.element"
    ],
    "http://hl7.org/fhir/StructureDefinition/structuredefinition-explicit-type-name": [
      "StructureDefinition.snapshot.element"
    ],
    "http://hl7.org/fhir/StructureDefinition/structuredefinition-fhir-type": [
      "StructureDefinition.snapshot.element.type"
    ],
    "http://hl7.org/fhir/StructureDefinition/structuredefinition-hierarchy": [
      "StructureDefinition.snapshot.element.type"
    ],
    "http://hl7.org/fhir/StructureDefinition/structuredefinition-security-category": [
      "StructureDefinition"
    ],
    "http://hl7.org/fhir/StructureDefinition/structuredefinition-standards-status": [
      "StructureDefinition.snapshot.element"
    ],
    "http://hl7.org/fhir/tools/StructureDefinition/ig-page-name": [
      "ImplementationGuide.definition.page",
      "ImplementationGuide.definition.page.page"
    ],
    "http://hl7.org/fhir/tools/StructureDefinition/ig-parameter": [
      "ImplementationGuide.definition"
    ],
    "http://hl7.org/fhir/tools/StructureDefinition/implementationguide-dependency-comment": [
      "ImplementationGuide.dependsOn"
    ],
    "http://hl7.org/fhir/tools/StructureDefinition/resource-information": [
      "ImplementationGuide.definition.resource"
    ]
  }
}