{
  "resourceType": "ValueSet",
  "id": "vs-key-population",
  "text": {
    "status": "generated",
    "div": "<div xmlns=\"http://www.w3.org/1999/xhtml\"><ul><li>Include all codes defined in <a href=\"CodeSystem-cs-key-population.html\"><code>http://example.com/fhir/example/CodeSystem/cs-key-population</code></a></li></ul></div>"
  },
  "url": "http://example.com/fhir/example/ValueSet/vs-key-population",
  "version": "0.1.0-test",
  "name": "VSKeyPopulation",
  "title": "Key population",
  "status": "active",
  "date": "2022-11-15T14:41:26+00:00",
  "publisher": "xxxYour Work Group",
  "contact": [
    {
      "telecom": [
        {
          "system": "url",
          "value": "http://xxhl7.org/Special/committees/[something]"
        }
      ]
    }
  ],
  "description": "A list of key population types",
  "jurisdiction": [
    {
      "coding": [
        {
          "system": "http://unstats.un.org/unsd/methods/m49/m49.htm",
          "code": "001"
        }
      ]
    }
  ],
  "compose": {
    "include": [
      {
        "system": "http://example.com/fhir/example/CodeSystem/cs-key-population"
      }
    ]
  }
}