<?xml version="1.0" encoding="UTF-8"?><CodeSystem xmlns="http://hl7.org/fhir"><id value="cs-key-population"/><text><status value="generated"/><div xmlns="http://www.w3.org/1999/xhtml"><p>This code system <code>http://example.com/fhir/example/CodeSystem/cs-key-population</code> defines the following codes:</p><table class="codes"><tr><td style="white-space:nowrap"><b>Code</b></td><td><b>Display</b></td></tr><tr><td style="white-space:nowrap">GENERAL-POPULATION<a name="cs-key-population-GENERAL-POPULATION"> </a></td><td>General Population</td></tr><tr><td style="white-space:nowrap">MSM<a name="cs-key-population-MSM"> </a></td><td>MSM</td></tr><tr><td style="white-space:nowrap">FSW<a name="cs-key-population-FSW"> </a></td><td>FSW</td></tr><tr><td style="white-space:nowrap">MSW<a name="cs-key-population-MSW"> </a></td><td>MSW</td></tr><tr><td style="white-space:nowrap">PWID<a name="cs-key-population-PWID"> </a></td><td>PWID</td></tr><tr><td style="white-space:nowrap">PWUD<a name="cs-key-population-PWUD"> </a></td><td>PWUD</td></tr><tr><td style="white-space:nowrap">TRANSGENDER<a name="cs-key-population-TRANSGENDER"> </a></td><td>Transgender</td></tr></table></div></text><url value="http://example.com/fhir/example/CodeSystem/cs-key-population"/><version value="0.1.0-test"/><name value="CSKeyPopulation"/><title value="Key population"/><status value="active"/><date value="2022-11-15T14:41:26+00:00"/><publisher value="xxxYour Work Group"/><contact><telecom><system value="url"/><value value="http://xxhl7.org/Special/committees/[something]"/></telecom></contact><description value="A list of key population types"/><jurisdiction><coding><system value="http://unstats.un.org/unsd/methods/m49/m49.htm"/><code value="001"/></coding></jurisdiction><content value="complete"/><count value="7"/><concept><code value="GENERAL-POPULATION"/><display value="General Population"/></concept><concept><code value="MSM"/><display value="MSM"/></concept><concept><code value="FSW"/><display value="FSW"/></concept><concept><code value="MSW"/><display value="MSW"/></concept><concept><code value="PWID"/><display value="PWID"/></concept><concept><code value="PWUD"/><display value="PWUD"/></concept><concept><code value="TRANSGENDER"/><display value="Transgender"/></concept></CodeSystem>