<?xml version="1.0" encoding="UTF-8"?><ValueSet xmlns="http://hl7.org/fhir"><id value="vs-vl-causeofdeath"/><text><status value="generated"/><div xmlns="http://www.w3.org/1999/xhtml"><ul><li>Include all codes defined in <a href="CodeSystem-cs-vl-causeofdeath.html"><code>http://example.com/fhir/example/CodeSystem/cs-vl-causeofdeath</code></a></li></ul></div></text><url value="http://example.com/fhir/example/ValueSet/vs-vl-causeofdeath"/><version value="0.1.0-test"/><name value="VSVLCauseOfDeath"/><title value="Cause Of Death"/><status value="active"/><date value="2022-11-15T14:41:26+00:00"/><publisher value="xxxYour Work Group"/><contact><telecom><system value="url"/><value value="http://xxhl7.org/Special/committees/[something]"/></telecom></contact><description value="Valueset - CauseOfDeaths"/><jurisdiction><coding><system value="http://unstats.un.org/unsd/methods/m49/m49.htm"/><code value="001"/></coding></jurisdiction><compose><include><system value="http://example.com/fhir/example/CodeSystem/cs-vl-causeofdeath"/></include></compose></ValueSet>