{
  "resourceType": "Bundle",
  "id": "HIVCaseReportingSubmitBundleExample",
  "type": "transaction",
  "entry": [
    {
      "fullUrl": "Encounter/HIVDiagnosisEncounterExample",
      "resource": {
        "resourceType": "Encounter",
        "id": "HIVDiagnosisEncounterExample",
        "meta": {
          "profile": [
            "http://jembi.org/fhir/hiv-casereporting/StructureDefinition/hiv-disgnosis-encounter"
          ]
        },
        "text": {
          "status": "extensions",
          "div": "<div xmlns=\"http://www.w3.org/1999/xhtml\"><p><b>Generated Narrative: Encounter</b><a name=\"HIVDiagnosisEncounterExample\"> </a></p><div style=\"display: inline-block; background-color: #d9e0e7; padding: 6px; margin: 4px; border: 1px solid #8da1b4; border-radius: 5px; line-height: 60%\"><p style=\"margin-bottom: 0px\">Resource Encounter &quot;HIVDiagnosisEncounterExample&quot; </p><p style=\"margin-bottom: 0px\">Profile: <a href=\"StructureDefinition-hiv-disgnosis-encounter.html\">HIV Diagnosis Encounter</a></p></div><p><b>Next Appointment Date</b>: 2022-10-22</p><p><b>status</b>: finished</p><p><b>class</b>: pre-admission (Details: http://terminology.hl7.org/CodeSystem/v3-ActCode code PRENC = 'pre-admission', stated as 'null')</p><p><b>subject</b>: <a href=\"#Patient_HIVPatientExample\">See above (Patient/HIVPatientExample)</a></p><p><b>serviceProvider</b>: <a href=\"Organization-HIVOrganizationExample.html\">Organization/HIVOrganizationExample</a> &quot;HIV Organization&quot;</p></div>"
        },
        "extension": [
          {
            "url": "http://jembi.org/fhir/hiv-casereporting/StructureDefinition/hiv-care-next-visit",
            "valueDateTime": "2022-10-22"
          }
        ],
        "status": "finished",
        "class": {
          "system": "http://terminology.hl7.org/CodeSystem/v3-ActCode",
          "code": "PRENC"
        },
        "subject": {
          "reference": "Patient/HIVPatientExample"
        },
        "serviceProvider": {
          "reference": "Organization/HIVOrganizationExample"
        }
      }
    },
    {
      "fullUrl": "Encounter/HIVClinicalEncounterExample",
      "resource": {
        "resourceType": "Encounter",
        "id": "HIVClinicalEncounterExample",
        "meta": {
          "profile": [
            "http://jembi.org/fhir/hiv-casereporting/StructureDefinition/hiv-clinical-encounter"
          ]
        },
        "text": {
          "status": "extensions",
          "div": "<div xmlns=\"http://www.w3.org/1999/xhtml\"><p><b>Generated Narrative: Encounter</b><a name=\"HIVClinicalEncounterExample\"> </a></p><div style=\"display: inline-block; background-color: #d9e0e7; padding: 6px; margin: 4px; border: 1px solid #8da1b4; border-radius: 5px; line-height: 60%\"><p style=\"margin-bottom: 0px\">Resource Encounter &quot;HIVClinicalEncounterExample&quot; </p><p style=\"margin-bottom: 0px\">Profile: <a href=\"StructureDefinition-hiv-clinical-encounter.html\">HIV Clinical Encounter</a></p></div><p><b>Next Appointment Date</b>: 2022-10-22</p><p><b>status</b>: finished</p><p><b>class</b>: observation encounter (Details: http://terminology.hl7.org/CodeSystem/v3-ActCode code OBSENC = 'observation encounter', stated as 'null')</p><p><b>subject</b>: <a href=\"#Patient_HIVPatientExample\">See above (Patient/HIVPatientExample)</a></p><p><b>period</b>: 2021-07-22 --&gt; (ongoing)</p></div>"
        },
        "extension": [
          {
            "url": "http://jembi.org/fhir/hiv-casereporting/StructureDefinition/hiv-care-next-visit",
            "valueDateTime": "2022-10-22"
          }
        ],
        "status": "finished",
        "class": {
          "system": "http://terminology.hl7.org/CodeSystem/v3-ActCode",
          "code": "OBSENC"
        },
        "subject": {
          "reference": "Patient/HIVPatientExample"
        },
        "period": {
          "start": "2021-07-22"
        }
      }
    },
    {
      "fullUrl": "Patient/HIVPatientExample",
      "resource": {
        "resourceType": "Patient",
        "id": "HIVPatientExample",
        "meta": {
          "profile": [
            "http://jembi.org/fhir/hiv-casereporting/StructureDefinition/hiv-patient"
          ]
        },
        "text": {
          "status": "extensions",
          "div": "<div xmlns=\"http://www.w3.org/1999/xhtml\"><p><b>Generated Narrative: Patient</b><a name=\"HIVPatientExample\"> </a></p><div style=\"display: inline-block; background-color: #d9e0e7; padding: 6px; margin: 4px; border: 1px solid #8da1b4; border-radius: 5px; line-height: 60%\"><p style=\"margin-bottom: 0px\">Resource Patient &quot;HIVPatientExample&quot; </p><p style=\"margin-bottom: 0px\">Profile: <a href=\"StructureDefinition-hiv-patient.html\">HIV Patient</a></p></div><p><b>genderIdentity</b>: male <span style=\"background: LightGoldenRodYellow; margin: 4px; border: 1px solid khaki\"> ([not stated]#male)</span></p><p><b>Key population</b>: transgender <span style=\"background: LightGoldenRodYellow; margin: 4px; border: 1px solid khaki\"> ([not stated]#transgender)</span></p><p><b>identifier</b>: id: ART1234567, id: PASSPORT1234567, id: NAT1234567, MR: 100007G</p><p><b>active</b>: true</p><p><b>name</b>: Jane Smith (OFFICIAL)</p><p><b>telecom</b>: <a href=\"tel:+27825556666\">+27825556666</a></p><p><b>gender</b>: female</p><p><b>birthDate</b>: 1986-06-04</p><p><b>address</b>: Cape Town Western Province South Africa </p><p><b>maritalStatus</b>: Married <span style=\"background: LightGoldenRodYellow; margin: 4px; border: 1px solid khaki\"> (<a href=\"http://terminology.hl7.org/5.0.0/CodeSystem-v3-MaritalStatus.html\">MaritalStatus</a>#M)</span></p><p><b>managingOrganization</b>: <a href=\"Organization-HIVOrganizationExample.html\">Organization/HIVOrganizationExample</a> &quot;HIV Organization&quot;</p></div>"
        },
        "extension": [
          {
            "url": "http://hl7.org/fhir/StructureDefinition/patient-genderIdentity",
            "valueCodeableConcept": {
              "coding": [
                {
                  "code": "male"
                }
              ]
            }
          },
          {
            "url": "http://jembi.org/fhir/hiv-casereporting/StructureDefinition/key-population",
            "valueCodeableConcept": {
              "coding": [
                {
                  "code": "transgender"
                }
              ]
            }
          }
        ],
        "identifier": [
          {
            "system": "http://openhie.org/fhir/hiv-casereporting/identifier/art",
            "value": "ART1234567"
          },
          {
            "system": "http://openhie.org/fhir/hiv-casereporting/identifier/passport",
            "value": "PASSPORT1234567"
          },
          {
            "system": "http://openhie.org/fhir/hiv-casereporting/identifier/nid",
            "value": "NAT1234567"
          },
          {
            "type": {
              "coding": [
                {
                  "code": "MR"
                }
              ]
            },
            "system": "http://openhie.org/fhir/hiv-casereporting/OpenMRSID",
            "value": "100007G"
          }
        ],
        "active": true,
        "name": [
          {
            "use": "official",
            "family": "Smith",
            "given": [
              "Jane"
            ]
          }
        ],
        "telecom": [
          {
            "system": "phone",
            "value": "+27825556666"
          }
        ],
        "gender": "female",
        "birthDate": "1986-06-04",
        "address": [
          {
            "city": "Cape Town",
            "district": "City of Cape Town",
            "state": "Western Province",
            "country": "South Africa"
          }
        ],
        "maritalStatus": {
          "coding": [
            {
              "system": "http://terminology.hl7.org/CodeSystem/v3-MaritalStatus",
              "code": "M"
            }
          ]
        },
        "managingOrganization": {
          "reference": "Organization/HIVOrganizationExample"
        }
      }
    },
    {
      "fullUrl": "RelatedPerson/GuardianExample",
      "resource": {
        "resourceType": "RelatedPerson",
        "id": "GuardianExample",
        "meta": {
          "profile": [
            "http://jembi.org/fhir/hiv-casereporting/StructureDefinition/hiv-related-person"
          ]
        },
        "text": {
          "status": "generated",
          "div": "<div xmlns=\"http://www.w3.org/1999/xhtml\"><p><b>Generated Narrative: RelatedPerson</b><a name=\"GuardianExample\"> </a></p><div style=\"display: inline-block; background-color: #d9e0e7; padding: 6px; margin: 4px; border: 1px solid #8da1b4; border-radius: 5px; line-height: 60%\"><p style=\"margin-bottom: 0px\">Resource RelatedPerson &quot;GuardianExample&quot; </p><p style=\"margin-bottom: 0px\">Profile: <a href=\"StructureDefinition-hiv-related-person.html\">HIV Related Person</a></p></div><p><b>patient</b>: <a href=\"#Patient_HIVPatientExample\">See above (Patient/HIVPatientExample)</a></p><p><b>name</b>: Peter Loo </p></div>"
        },
        "patient": {
          "reference": "Patient/HIVPatientExample"
        },
        "name": [
          {
            "family": "Loo",
            "given": [
              "Peter"
            ]
          }
        ]
      }
    },
    {
      "fullUrl": "Condition/HIVDiagnosisExample",
      "resource": {
        "resourceType": "Condition",
        "id": "HIVDiagnosisExample",
        "meta": {
          "profile": [
            "http://jembi.org/fhir/hiv-casereporting/StructureDefinition/hiv-diagnosis"
          ]
        },
        "text": {
          "status": "generated",
          "div": "<div xmlns=\"http://www.w3.org/1999/xhtml\"><p><b>Generated Narrative: Condition</b><a name=\"HIVDiagnosisExample\"> </a></p><div style=\"display: inline-block; background-color: #d9e0e7; padding: 6px; margin: 4px; border: 1px solid #8da1b4; border-radius: 5px; line-height: 60%\"><p style=\"margin-bottom: 0px\">Resource Condition &quot;HIVDiagnosisExample&quot; </p><p style=\"margin-bottom: 0px\">Profile: <a href=\"StructureDefinition-hiv-diagnosis.html\">HIV Diagnosis</a></p></div><p><b>identifier</b>: id: abc</p><p><b>clinicalStatus</b>: active <span style=\"background: LightGoldenRodYellow; margin: 4px; border: 1px solid khaki\"> ([not stated]#active)</span></p><p><b>verificationStatus</b>: confirmed <span style=\"background: LightGoldenRodYellow; margin: 4px; border: 1px solid khaki\"> ([not stated]#confirmed)</span></p><p><b>code</b>: Human immunodeficiency virus infection <span style=\"background: LightGoldenRodYellow; margin: 4px; border: 1px solid khaki\"> (<a href=\"https://browser.ihtsdotools.org/\">SNOMED CT</a>#86406008)</span></p><p><b>subject</b>: <a href=\"#Patient_HIVPatientExample\">See above (Patient/HIVPatientExample)</a></p><p><b>recordedDate</b>: 2021-05-18</p></div>"
        },
        "identifier": [
          {
            "system": "http://openhie.org/fhir/hiv-casereporting/identifier/hiv-diagnosis",
            "value": "abc"
          }
        ],
        "clinicalStatus": {
          "coding": [
            {
              "code": "active"
            }
          ]
        },
        "verificationStatus": {
          "coding": [
            {
              "code": "confirmed"
            }
          ]
        },
        "code": {
          "coding": [
            {
              "system": "http://snomed.info/sct",
              "code": "86406008"
            }
          ]
        },
        "subject": {
          "reference": "Patient/HIVPatientExample"
        },
        "recordedDate": "2021-05-18"
      }
    },
    {
      "fullUrl": "Observation/HIVRecencyTestConductedExample",
      "resource": {
        "resourceType": "Observation",
        "id": "HIVRecencyTestConductedExample",
        "meta": {
          "profile": [
            "http://jembi.org/fhir/hiv-casereporting/StructureDefinition/hiv-recency-test-conducted"
          ]
        },
        "text": {
          "status": "generated",
          "div": "<div xmlns=\"http://www.w3.org/1999/xhtml\"><p><b>Generated Narrative: Observation</b><a name=\"HIVRecencyTestConductedExample\"> </a></p><div style=\"display: inline-block; background-color: #d9e0e7; padding: 6px; margin: 4px; border: 1px solid #8da1b4; border-radius: 5px; line-height: 60%\"><p style=\"margin-bottom: 0px\">Resource Observation &quot;HIVRecencyTestConductedExample&quot; </p><p style=\"margin-bottom: 0px\">Profile: <a href=\"StructureDefinition-hiv-recency-test-conducted.html\">HIV Recency Test Conducted</a></p></div><p><b>status</b>: final</p><p><b>code</b>: HIV recency test conducted <span style=\"background: LightGoldenRodYellow; margin: 4px; border: 1px solid khaki\"> (<a href=\"CodeSystem-cs-hiv-obs-codes.html\">HIV Case Report Observation codes</a>#HIV-RECENCY-TEST-CONDUCTED)</span></p><p><b>subject</b>: <a href=\"#Patient_HIVPatientExample\">See above (Patient/HIVPatientExample)</a></p><p><b>encounter</b>: <a href=\"#Encounter_HIVClinicalEncounterExample\">See above (Encounter/HIVClinicalEncounterExample)</a></p><p><b>value</b>: true</p></div>"
        },
        "status": "final",
        "code": {
          "coding": [
            {
              "system": "http://jembi.org/fhir/hiv-casereporting/CodeSystem/cs-hiv-obs-codes",
              "code": "HIV-RECENCY-TEST-CONDUCTED",
              "display": "HIV recency test conducted"
            }
          ]
        },
        "subject": {
          "reference": "Patient/HIVPatientExample"
        },
        "encounter": {
          "reference": "Encounter/HIVClinicalEncounterExample"
        },
        "valueBoolean": true
      }
    },
    {
      "fullUrl": "Observation/HIVRecencyResultExample",
      "resource": {
        "resourceType": "Observation",
        "id": "HIVRecencyResultExample",
        "meta": {
          "profile": [
            "http://jembi.org/fhir/hiv-casereporting/StructureDefinition/hiv-recency-result"
          ]
        },
        "text": {
          "status": "generated",
          "div": "<div xmlns=\"http://www.w3.org/1999/xhtml\"><p><b>Generated Narrative: Observation</b><a name=\"HIVRecencyResultExample\"> </a></p><div style=\"display: inline-block; background-color: #d9e0e7; padding: 6px; margin: 4px; border: 1px solid #8da1b4; border-radius: 5px; line-height: 60%\"><p style=\"margin-bottom: 0px\">Resource Observation &quot;HIVRecencyResultExample&quot; </p><p style=\"margin-bottom: 0px\">Profile: <a href=\"StructureDefinition-hiv-recency-result.html\">HIV Recency Result</a></p></div><p><b>status</b>: final</p><p><b>code</b>: HIV recency test conducted <span style=\"background: LightGoldenRodYellow; margin: 4px; border: 1px solid khaki\"> (<a href=\"CodeSystem-cs-hiv-obs-codes.html\">HIV Case Report Observation codes</a>#HIV-RECENCY-RESULT)</span></p><p><b>subject</b>: <a href=\"#Patient_HIVPatientExample\">See above (Patient/HIVPatientExample)</a></p><p><b>encounter</b>: <a href=\"#Encounter_HIVClinicalEncounterExample\">See above (Encounter/HIVClinicalEncounterExample)</a></p><p><b>value</b>: false</p></div>"
        },
        "status": "final",
        "code": {
          "coding": [
            {
              "system": "http://jembi.org/fhir/hiv-casereporting/CodeSystem/cs-hiv-obs-codes",
              "code": "HIV-RECENCY-RESULT",
              "display": "HIV recency test conducted"
            }
          ]
        },
        "subject": {
          "reference": "Patient/HIVPatientExample"
        },
        "encounter": {
          "reference": "Encounter/HIVClinicalEncounterExample"
        },
        "valueBoolean": false
      }
    },
    {
      "fullUrl": "Observation/HIVTestDateExample",
      "resource": {
        "resourceType": "Observation",
        "id": "HIVTestDateExample",
        "meta": {
          "profile": [
            "http://jembi.org/fhir/hiv-casereporting/StructureDefinition/date-tested-for-hiv"
          ]
        },
        "text": {
          "status": "generated",
          "div": "<div xmlns=\"http://www.w3.org/1999/xhtml\"><p><b>Generated Narrative: Observation</b><a name=\"HIVTestDateExample\"> </a></p><div style=\"display: inline-block; background-color: #d9e0e7; padding: 6px; margin: 4px; border: 1px solid #8da1b4; border-radius: 5px; line-height: 60%\"><p style=\"margin-bottom: 0px\">Resource Observation &quot;HIVTestDateExample&quot; </p><p style=\"margin-bottom: 0px\">Profile: <a href=\"StructureDefinition-date-tested-for-hiv.html\">HIVTestDateObservation</a></p></div><p><b>status</b>: final</p><p><b>code</b>: Date tested for HIV <span style=\"background: LightGoldenRodYellow; margin: 4px; border: 1px solid khaki\"> (<a href=\"CodeSystem-cs-hiv-obs-codes.html\">HIV Case Report Observation codes</a>#DATE-TESTED-FOR-HIV)</span></p><p><b>subject</b>: <a href=\"#Patient_HIVPatientExample\">See above (Patient/HIVPatientExample)</a></p><p><b>encounter</b>: <a href=\"HIVClinicalEncounter\">HIVClinicalEncounter</a></p><p><b>value</b>: 2022-08-26</p></div>"
        },
        "status": "final",
        "code": {
          "coding": [
            {
              "system": "http://jembi.org/fhir/hiv-casereporting/CodeSystem/cs-hiv-obs-codes",
              "code": "DATE-TESTED-FOR-HIV",
              "display": "Date tested for HIV"
            }
          ]
        },
        "subject": {
          "reference": "Patient/HIVPatientExample"
        },
        "encounter": {
          "reference": "HIVClinicalEncounter"
        },
        "valueDateTime": "2022-08-26"
      }
    },
    {
      "fullUrl": "EpisodeOfCare/HIVEpisodeOfCareExample",
      "resource": {
        "resourceType": "EpisodeOfCare",
        "id": "HIVEpisodeOfCareExample",
        "meta": {
          "profile": [
            "http://jembi.org/fhir/hiv-casereporting/StructureDefinition/hiv-episode-of-care"
          ]
        },
        "text": {
          "status": "generated",
          "div": "<div xmlns=\"http://www.w3.org/1999/xhtml\"><p><b>Generated Narrative: EpisodeOfCare</b><a name=\"HIVEpisodeOfCareExample\"> </a></p><div style=\"display: inline-block; background-color: #d9e0e7; padding: 6px; margin: 4px; border: 1px solid #8da1b4; border-radius: 5px; line-height: 60%\"><p style=\"margin-bottom: 0px\">Resource EpisodeOfCare &quot;HIVEpisodeOfCareExample&quot; </p><p style=\"margin-bottom: 0px\">Profile: <a href=\"StructureDefinition-hiv-episode-of-care.html\">HIV Episode Of Care</a></p></div><p><b>identifier</b>: id: 123456789</p><p><b>status</b>: active</p><h3>Diagnoses</h3><table class=\"grid\"><tr><td>-</td><td><b>Condition</b></td></tr><tr><td>*</td><td><a href=\"#Condition_HIVDiagnosisExample\">See above (Condition/HIVDiagnosisExample)</a></td></tr></table><p><b>patient</b>: <a href=\"#Patient_HIVPatientExample\">See above (Patient/HIVPatientExample)</a></p><p><b>managingOrganization</b>: <a href=\"Organization-HIVOrganizationExample.html\">Organization/HIVOrganizationExample</a> &quot;HIV Organization&quot;</p><p><b>period</b>: 2021-08-25 --&gt; (ongoing)</p><p><b>referralRequest</b>: <a href=\"ServiceRequest-HIVTransferOutExample.html\">ServiceRequest/HIVTransferOutExample</a></p></div>"
        },
        "identifier": [
          {
            "system": "http://openhie.org/fhir/hiv-casereporting/identifier/enrollment-unique-id",
            "value": "123456789"
          }
        ],
        "status": "active",
        "diagnosis": [
          {
            "condition": {
              "reference": "Condition/HIVDiagnosisExample"
            }
          }
        ],
        "patient": {
          "reference": "Patient/HIVPatientExample"
        },
        "managingOrganization": {
          "reference": "Organization/HIVOrganizationExample"
        },
        "period": {
          "start": "2021-08-25"
        },
        "referralRequest": [
          {
            "reference": "ServiceRequest/HIVTransferOutExample"
          }
        ]
      }
    },
    {
      "fullUrl": "ServiceRequest/HIVServiceRequestExample",
      "resource": {
        "resourceType": "ServiceRequest",
        "id": "HIVServiceRequestExample",
        "meta": {
          "profile": [
            "http://jembi.org/fhir/hiv-casereporting/StructureDefinition/hiv-service-request"
          ]
        },
        "text": {
          "status": "generated",
          "div": "<div xmlns=\"http://www.w3.org/1999/xhtml\"><p><b>Generated Narrative: ServiceRequest</b><a name=\"HIVServiceRequestExample\"> </a></p><div style=\"display: inline-block; background-color: #d9e0e7; padding: 6px; margin: 4px; border: 1px solid #8da1b4; border-radius: 5px; line-height: 60%\"><p style=\"margin-bottom: 0px\">Resource ServiceRequest &quot;HIVServiceRequestExample&quot; </p><p style=\"margin-bottom: 0px\">Profile: <a href=\"StructureDefinition-hiv-service-request.html\">HIV Service Request</a></p></div><p><b>status</b>: active</p><p><b>intent</b>: order</p><p><b>subject</b>: <a href=\"#Patient_HIVPatientExample\">See above (Patient/HIVPatientExample)</a></p><p><b>occurrence</b>: 2022-08-26</p><p><b>specimen</b>: <a href=\"Specimen-VLSpecimenExample.html\">Specimen/VLSpecimenExample</a></p></div>"
        },
        "status": "active",
        "intent": "order",
        "subject": {
          "reference": "Patient/HIVPatientExample"
        },
        "occurrenceDateTime": "2022-08-26",
        "specimen": [
          {
            "reference": "Specimen/VLSpecimenExample"
          }
        ]
      }
    },
    {
      "fullUrl": "CarePlan/ARVTreatmentExample1",
      "resource": {
        "resourceType": "CarePlan",
        "id": "ARVTreatmentExample1",
        "meta": {
          "profile": [
            "http://jembi.org/fhir/hiv-casereporting/StructureDefinition/hiv-arv-treatment"
          ]
        },
        "text": {
          "status": "extensions",
          "div": "<div xmlns=\"http://www.w3.org/1999/xhtml\"><p><b>Generated Narrative: CarePlan</b><a name=\"ARVTreatmentExample1\"> </a></p><div style=\"display: inline-block; background-color: #d9e0e7; padding: 6px; margin: 4px; border: 1px solid #8da1b4; border-radius: 5px; line-height: 60%\"><p style=\"margin-bottom: 0px\">Resource CarePlan &quot;ARVTreatmentExample1&quot; </p><p style=\"margin-bottom: 0px\">Profile: <a href=\"StructureDefinition-hiv-arv-treatment.html\">ARVCarePlan</a></p></div><p><b>ART Status</b>: IIT <span style=\"background: LightGoldenRodYellow; margin: 4px; border: 1px solid khaki\"> ([not stated]#IIT)</span></p><p><b>status</b>: active</p><p><b>intent</b>: plan</p><p><b>subject</b>: <a href=\"#Patient_HIVPatientExample\">See above (Patient/HIVPatientExample)</a></p><p><b>period</b>: 2021-05-20 --&gt; (ongoing)</p><blockquote><p><b>activity</b></p><p><b>outcomeCodeableConcept</b>: Refused <span style=\"background: LightGoldenRodYellow; margin: 4px; border: 1px solid khaki\"> (openconceptlab.org#162572)</span></p><h3>Details</h3><table class=\"grid\"><tr><td>-</td><td><b>Extension</b></td><td><b>Kind</b></td><td><b>Code</b></td><td><b>Status</b></td><td><b>Scheduled[x]</b></td><td><b>Product[x]</b></td></tr><tr><td>*</td><td/><td>MedicationRequest</td><td>HIV ART medication <span style=\"background: LightGoldenRodYellow; margin: 4px; border: 1px solid khaki\"> (<a href=\"https://loinc.org/\">LOINC</a>#45260-7)</span></td><td>stopped</td><td>?? --&gt; 2021-05-22</td><td>TDF/3TC/DTG <span style=\"background: LightGoldenRodYellow; margin: 4px; border: 1px solid khaki\"> ([not stated]#TDF/3TC/DTG)</span></td></tr></table></blockquote></div>"
        },
        "extension": [
          {
            "url": "http://jembi.org/fhir/hiv-casereporting/StructureDefinition/art-status",
            "valueCodeableConcept": {
              "coding": [
                {
                  "code": "IIT"
                }
              ]
            }
          }
        ],
        "status": "active",
        "intent": "plan",
        "subject": {
          "reference": "Patient/HIVPatientExample"
        },
        "period": {
          "start": "2021-05-20"
        },
        "activity": [
          {
            "outcomeCodeableConcept": [
              {
                "coding": [
                  {
                    "system": "https://openconceptlab.org",
                    "code": "162572",
                    "display": "Refused"
                  }
                ]
              }
            ],
            "detail": {
              "extension": [
                {
                  "url": "http://jembi.org/fhir/hiv-casereporting/StructureDefinition/art-regimen-line",
                  "valueCodeableConcept": {
                    "coding": [
                      {
                        "code": "FIRST-LINE"
                      }
                    ]
                  }
                }
              ],
              "kind": "MedicationRequest",
              "code": {
                "coding": [
                  {
                    "system": "http://loinc.org",
                    "code": "45260-7",
                    "display": "HIV ART medication"
                  }
                ]
              },
              "status": "stopped",
              "scheduledPeriod": {
                "end": "2021-05-22"
              },
              "productCodeableConcept": {
                "coding": [
                  {
                    "code": "TDF/3TC/DTG"
                  }
                ]
              }
            }
          }
        ]
      }
    },
    {
      "fullUrl": "Observation/CD4Example1",
      "resource": {
        "resourceType": "Observation",
        "id": "CD4Example1",
        "meta": {
          "profile": [
            "http://jembi.org/fhir/hiv-casereporting/StructureDefinition/hiv-cd4-test"
          ]
        },
        "text": {
          "status": "generated",
          "div": "<div xmlns=\"http://www.w3.org/1999/xhtml\"><p><b>Generated Narrative: Observation</b><a name=\"CD4Example1\"> </a></p><div style=\"display: inline-block; background-color: #d9e0e7; padding: 6px; margin: 4px; border: 1px solid #8da1b4; border-radius: 5px; line-height: 60%\"><p style=\"margin-bottom: 0px\">Resource Observation &quot;CD4Example1&quot; </p><p style=\"margin-bottom: 0px\">Profile: <a href=\"StructureDefinition-hiv-cd4-test.html\">CD4Observation</a></p></div><p><b>status</b>: final</p><p><b>code</b>: CD4 result <span style=\"background: LightGoldenRodYellow; margin: 4px; border: 1px solid khaki\"> (<a href=\"CodeSystem-cs-hiv-obs-codes.html\">HIV Case Report Observation codes</a>#CD4-RESULT)</span></p><p><b>subject</b>: <a href=\"#Patient_HIVPatientExample\">See above (Patient/HIVPatientExample)</a></p><p><b>effective</b>: 2020-06-09</p><blockquote><p><b>component</b></p><p><b>code</b>: CD4 result <span style=\"background: LightGoldenRodYellow; margin: 4px; border: 1px solid khaki\"> (<a href=\"https://browser.ihtsdotools.org/\">SNOMED CT</a>#113056008)</span></p><p><b>value</b>: 500</p></blockquote><blockquote><p><b>component</b></p><p><b>code</b>: CD4 percentage <span style=\"background: LightGoldenRodYellow; margin: 4px; border: 1px solid khaki\"> (<a href=\"https://browser.ihtsdotools.org/\">SNOMED CT</a>#313938009)</span></p><p><b>value</b>: 50</p></blockquote></div>"
        },
        "status": "final",
        "code": {
          "coding": [
            {
              "system": "http://jembi.org/fhir/hiv-casereporting/CodeSystem/cs-hiv-obs-codes",
              "code": "CD4-RESULT",
              "display": "CD4 result"
            }
          ]
        },
        "subject": {
          "reference": "Patient/HIVPatientExample"
        },
        "effectiveDateTime": "2020-06-09",
        "component": [
          {
            "code": {
              "coding": [
                {
                  "system": "http://snomed.info/sct",
                  "code": "113056008",
                  "display": "CD4 result"
                }
              ]
            },
            "valueInteger": 500
          },
          {
            "code": {
              "coding": [
                {
                  "system": "http://snomed.info/sct",
                  "code": "313938009",
                  "display": "CD4 percentage"
                }
              ]
            },
            "valueInteger": 50
          }
        ]
      }
    },
    {
      "fullUrl": "Observation/ViralLoadSuppressionExample1",
      "resource": {
        "resourceType": "Observation",
        "id": "ViralLoadSuppressionExample1",
        "meta": {
          "profile": [
            "http://jembi.org/fhir/hiv-casereporting/StructureDefinition/hiv-viral-load-suppression"
          ]
        },
        "text": {
          "status": "generated",
          "div": "<div xmlns=\"http://www.w3.org/1999/xhtml\"><p><b>Generated Narrative: Observation</b><a name=\"ViralLoadSuppressionExample1\"> </a></p><div style=\"display: inline-block; background-color: #d9e0e7; padding: 6px; margin: 4px; border: 1px solid #8da1b4; border-radius: 5px; line-height: 60%\"><p style=\"margin-bottom: 0px\">Resource Observation &quot;ViralLoadSuppressionExample1&quot; </p><p style=\"margin-bottom: 0px\">Profile: <a href=\"StructureDefinition-hiv-viral-load-suppression.html\">HIV viral load suppression</a></p></div><p><b>status</b>: final</p><p><b>code</b>: Viral load result <span style=\"background: LightGoldenRodYellow; margin: 4px; border: 1px solid khaki\"> (<a href=\"CodeSystem-cs-hiv-obs-codes.html\">HIV Case Report Observation codes</a>#VL-RESULT)</span></p><p><b>subject</b>: <a href=\"#Patient_HIVPatientExample\">See above (Patient/HIVPatientExample)</a></p><p><b>effective</b>: 2020-06-09</p><p><b>value</b>: 1000</p><p><b>interpretation</b>: Detectable <span style=\"background: LightGoldenRodYellow; margin: 4px; border: 1px solid khaki\"> (<a href=\"CodeSystem-cs-vl-interpretation.html\">Viral load Interpretation</a>#D)</span>, Unsuppressed <span style=\"background: LightGoldenRodYellow; margin: 4px; border: 1px solid khaki\"> (<a href=\"CodeSystem-cs-vl-suppression.html\">Viral load Suppression</a>#UNSUP)</span></p><p><b>note</b>: some comment (By HIVOrganizationExample) @2020-06-09)</p></div>"
        },
        "status": "final",
        "code": {
          "coding": [
            {
              "system": "http://jembi.org/fhir/hiv-casereporting/CodeSystem/cs-hiv-obs-codes",
              "code": "VL-RESULT",
              "display": "Viral load result"
            }
          ]
        },
        "subject": {
          "reference": "Patient/HIVPatientExample"
        },
        "effectiveDateTime": "2020-06-09",
        "valueInteger": 1000,
        "interpretation": [
          {
            "coding": [
              {
                "system": "http://jembi.org/fhir/hiv-casereporting/CodeSystem/cs-vl-interpretation",
                "code": "D",
                "display": "Detectable"
              }
            ]
          },
          {
            "coding": [
              {
                "system": "http://jembi.org/fhir/hiv-casereporting/CodeSystem/cs-vl-suppression",
                "code": "UNSUP",
                "display": "Unsuppressed"
              }
            ]
          }
        ],
        "note": [
          {
            "authorReference": {
              "reference": "HIVOrganizationExample)"
            },
            "time": "2020-06-09",
            "text": "some comment"
          }
        ]
      }
    },
    {
      "fullUrl": "Observation/DeathExample",
      "resource": {
        "resourceType": "Observation",
        "id": "DeathExample",
        "meta": {
          "profile": [
            "http://jembi.org/fhir/hiv-casereporting/StructureDefinition/death-obs"
          ]
        },
        "text": {
          "status": "extensions",
          "div": "<div xmlns=\"http://www.w3.org/1999/xhtml\"><p><b>Generated Narrative: Observation</b><a name=\"DeathExample\"> </a></p><div style=\"display: inline-block; background-color: #d9e0e7; padding: 6px; margin: 4px; border: 1px solid #8da1b4; border-radius: 5px; line-height: 60%\"><p style=\"margin-bottom: 0px\">Resource Observation &quot;DeathExample&quot; </p><p style=\"margin-bottom: 0px\">Profile: <a href=\"StructureDefinition-death-obs.html\">Death Obs</a></p></div><p><b>Last Clinical Visit</b>: 2021-08-26</p><p><b>status</b>: final</p><p><b>code</b>: Cause of death <span style=\"background: LightGoldenRodYellow; margin: 4px; border: 1px solid khaki\"> (<a href=\"CodeSystem-cs-hiv-obs-codes.html\">HIV Case Report Observation codes</a>#CAUSE-OF-DEATH)</span></p><p><b>subject</b>: <a href=\"#Patient_HIVPatientExample\">See above (Patient/HIVPatientExample)</a></p><p><b>effective</b>: 2021-08-26</p><p><b>value</b>: HIV Related <span style=\"background: LightGoldenRodYellow; margin: 4px; border: 1px solid khaki\"> (<a href=\"CodeSystem-cs-vl-causeofdeath.html\">Cause Of Death</a>#HIV)</span></p></div>"
        },
        "extension": [
          {
            "url": "http://jembi.org/fhir/hiv-casereporting/StructureDefinition/last-clinical-visit",
            "valueDateTime": "2021-08-26"
          }
        ],
        "status": "final",
        "code": {
          "coding": [
            {
              "system": "http://jembi.org/fhir/hiv-casereporting/CodeSystem/cs-hiv-obs-codes",
              "code": "CAUSE-OF-DEATH",
              "display": "Cause of death"
            }
          ]
        },
        "subject": {
          "reference": "Patient/HIVPatientExample"
        },
        "effectiveDateTime": "2021-08-26",
        "valueCodeableConcept": {
          "coding": [
            {
              "system": "http://jembi.org/fhir/hiv-casereporting/CodeSystem/cs-vl-causeofdeath",
              "code": "HIV",
              "display": "HIV Related"
            }
          ]
        }
      }
    },
    {
      "fullUrl": "Procedure/VLProcedureInfoExample",
      "resource": {
        "resourceType": "Procedure",
        "id": "VLProcedureInfoExample",
        "meta": {
          "profile": [
            "http://jembi.org/fhir/hiv-casereporting/StructureDefinition/vl-procedure"
          ]
        },
        "text": {
          "status": "generated",
          "div": "<div xmlns=\"http://www.w3.org/1999/xhtml\"><p><b>Generated Narrative: Procedure</b><a name=\"VLProcedureInfoExample\"> </a></p><div style=\"display: inline-block; background-color: #d9e0e7; padding: 6px; margin: 4px; border: 1px solid #8da1b4; border-radius: 5px; line-height: 60%\"><p style=\"margin-bottom: 0px\">Resource Procedure &quot;VLProcedureInfoExample&quot; </p><p style=\"margin-bottom: 0px\">Profile: <a href=\"StructureDefinition-vl-procedure.html\">VL Procedure info</a></p></div><p><b>status</b>: completed</p><p><b>category</b>: Laboratory procedure <span style=\"background: LightGoldenRodYellow; margin: 4px; border: 1px solid khaki\"> (<a href=\"https://browser.ihtsdotools.org/\">SNOMED CT</a>#108252007)</span></p><p><b>code</b>: viral load <span style=\"background: LightGoldenRodYellow; margin: 4px; border: 1px solid khaki\"> (<a href=\"https://browser.ihtsdotools.org/\">SNOMED CT</a>#315124004 &quot;Human immunodeficiency virus load&quot;)</span></p><p><b>subject</b>: <a href=\"#Patient_HIVPatientExample\">See above (Patient/HIVPatientExample)</a></p><p><b>encounter</b>: <a href=\"HIVClinicalEncounter\">HIVClinicalEncounter</a></p><p><b>reasonCode</b>: Baseline Viral Load <span style=\"background: LightGoldenRodYellow; margin: 4px; border: 1px solid khaki\"> (vl-reason-code#5d4e13af-92ec-4b91-a8e4-97818810e577)</span></p></div>"
        },
        "status": "completed",
        "category": {
          "coding": [
            {
              "system": "http://snomed.info/sct",
              "code": "108252007",
              "display": "Laboratory procedure"
            }
          ]
        },
        "code": {
          "coding": [
            {
              "system": "http://snomed.info/sct",
              "code": "315124004",
              "display": "Human immunodeficiency virus load"
            }
          ],
          "text": "viral load"
        },
        "subject": {
          "reference": "Patient/HIVPatientExample"
        },
        "encounter": {
          "reference": "HIVClinicalEncounter"
        },
        "reasonCode": [
          {
            "coding": [
              {
                "system": "http://openhie.org/fhir/hiv-casereporting/CodeSystem/vl-reason-code",
                "code": "5d4e13af-92ec-4b91-a8e4-97818810e577",
                "display": "Baseline Viral Load"
              }
            ]
          }
        ]
      }
    },
    {
      "fullUrl": "MedicationDispense/HIVMedicationDispenseExample",
      "resource": {
        "resourceType": "MedicationDispense",
        "id": "HIVMedicationDispenseExample",
        "meta": {
          "profile": [
            "http://jembi.org/fhir/hiv-casereporting/StructureDefinition/hiv-medication-dispense"
          ]
        },
        "text": {
          "status": "generated",
          "div": "<div xmlns=\"http://www.w3.org/1999/xhtml\"><p><b>Generated Narrative: MedicationDispense</b><a name=\"HIVMedicationDispenseExample\"> </a></p><div style=\"display: inline-block; background-color: #d9e0e7; padding: 6px; margin: 4px; border: 1px solid #8da1b4; border-radius: 5px; line-height: 60%\"><p style=\"margin-bottom: 0px\">Resource MedicationDispense &quot;HIVMedicationDispenseExample&quot; </p><p style=\"margin-bottom: 0px\">Profile: <a href=\"StructureDefinition-hiv-medication-dispense.html\">HIV Medication Dispense</a></p></div><p><b>status</b>: completed</p><p><b>medication</b>: Date of event (observable entity) <span style=\"background: LightGoldenRodYellow; margin: 4px; border: 1px solid khaki\"> (<a href=\"https://browser.ihtsdotools.org/\">SNOMED CT</a>#439771001)</span></p><p><b>subject</b>: <a href=\"#Patient_HIVPatientExample\">See above (Patient/HIVPatientExample)</a></p><p><b>context</b>: <a href=\"Encounter/HIVClinicalEncounter\">Encounter/HIVClinicalEncounter</a></p><p><b>quantity</b>: 1(unit TAB from http://terminology.hl7.org/CodeSystem/v3-orderableDrugForm)<span style=\"background: LightGoldenRodYellow\"> (Details: http://terminology.hl7.org/CodeSystem/v3-orderableDrugForm code TAB = 'Tablet')</span></p></div>"
        },
        "status": "completed",
        "medicationCodeableConcept": {
          "coding": [
            {
              "system": "http://snomed.info/sct",
              "code": "439771001"
            }
          ]
        },
        "subject": {
          "reference": "Patient/HIVPatientExample"
        },
        "context": {
          "reference": "Encounter/HIVClinicalEncounter"
        },
        "quantity": {
          "value": 1,
          "system": "http://terminology.hl7.org/CodeSystem/v3-orderableDrugForm",
          "code": "TAB"
        }
      }
    }
  ]
}