{
  "resourceType": "Observation",
  "id": "ViralLoadSuppressionMostRecentTestResultExample",
  "meta": {
    "profile": [
      "http://jembi.org/fhir/hiv-casereporting/StructureDefinition/hiv-viral-load-suppression-most-recent-test-result"
    ]
  },
  "text": {
    "status": "generated",
    "div": "<div xmlns=\"http://www.w3.org/1999/xhtml\"><p><b>Generated Narrative: Observation</b><a name=\"ViralLoadSuppressionMostRecentTestResultExample\"> </a></p><div style=\"display: inline-block; background-color: #d9e0e7; padding: 6px; margin: 4px; border: 1px solid #8da1b4; border-radius: 5px; line-height: 60%\"><p style=\"margin-bottom: 0px\">Resource Observation &quot;ViralLoadSuppressionMostRecentTestResultExample&quot; </p><p style=\"margin-bottom: 0px\">Profile: <a href=\"StructureDefinition-hiv-viral-load-suppression-most-recent-test-result.html\">HIV Viral Load Suppression Most Recent Test Result</a></p></div><p><b>status</b>: final</p><p><b>code</b>: VL most recent test result <span style=\"background: LightGoldenRodYellow; margin: 4px; border: 1px solid khaki\"> (<a href=\"CodeSystem-cs-hiv-obs-codes.html\">HIV Case Report Observation codes</a>#HIV-RECENCY-TEST-CONDUCTED)</span></p><p><b>subject</b>: <a href=\"Patient-HIVPatientExample.html\">Patient/HIVPatientExample</a> &quot; SMITH&quot;</p><p><b>value</b>: 29</p><p><b>interpretation</b>: Detectable <span style=\"background: LightGoldenRodYellow; margin: 4px; border: 1px solid khaki\"> (<a href=\"CodeSystem-cs-vl-interpretation.html\">Viral load Interpretation</a>#D)</span></p></div>"
  },
  "status": "final",
  "code": {
    "coding": [
      {
        "system": "http://jembi.org/fhir/hiv-casereporting/CodeSystem/cs-hiv-obs-codes",
        "code": "HIV-RECENCY-TEST-CONDUCTED",
        "display": "VL most recent test result"
      }
    ]
  },
  "subject": {
    "reference": "Patient/HIVPatientExample"
  },
  "valueInteger": 29,
  "interpretation": [
    {
      "coding": [
        {
          "system": "http://jembi.org/fhir/hiv-casereporting/CodeSystem/cs-vl-interpretation",
          "code": "D"
        }
      ]
    }
  ]
}