{"resourceType":"ValueSet","id":"vs-marital-status","text":{"status":"generated","div":"<div xmlns=\"http://www.w3.org/1999/xhtml\"><ul><li>Include these codes as defined in <code>http://hl7.org/fhir/ValueSet/marital-status</code><table class=\"none\"><tr><td style=\"white-space:nowrap\"><b>Code</b></td><td><b>Display</b></td></tr><tr><td>S</td><td>Never Married</td></tr><tr><td>M</td><td>Married</td></tr><tr><td>P</td><td>Polygamous</td></tr><tr><td>T</td><td>Domestic partner</td></tr><tr><td>D</td><td>Divorced</td></tr></table></li></ul></div>"},"url":"http://example.com/fhir/example/ValueSet/vs-marital-status","version":"0.1.0-test","name":"VSMaritalStatus","title":"Marital Status","status":"active","date":"2022-11-15T14:32:44+00:00","publisher":"xxxYour Work Group","contact":[{"telecom":[{"system":"url","value":"http://xxhl7.org/Special/committees/[something]"}]}],"description":"Valueset - marital statuses","jurisdiction":[{"coding":[{"system":"http://unstats.un.org/unsd/methods/m49/m49.htm","code":"001"}]}],"compose":{"include":[{"system":"http://hl7.org/fhir/ValueSet/marital-status","concept":[{"code":"S","display":"Never Married"},{"code":"M","display":"Married"},{"code":"P","display":"Polygamous"},{"code":"T","display":"Domestic partner"},{"code":"D","display":"Divorced"}]}]}}