<?xml version="1.0" encoding="UTF-8"?><ImplementationGuide xmlns="http://hl7.org/fhir"><id value="xxexample.fhir.uv.myig"/><text><status value="extensions"/><div xmlns="http://www.w3.org/1999/xhtml"><h2>XXYourComputableMyIGNameHere</h2><p>The official URL for this implementation guide is: </p><pre>http://xxsomewhere.org/fhir/myig/ImplementationGuide/xxexample.fhir.uv.myig</pre><div><p>xxxA brief description of what this IG is about</p>
</div></div></text><url value="http://xxsomewhere.org/fhir/myig/ImplementationGuide/xxexample.fhir.uv.myig"/><version value="0.1.0-test"/><name value="XXYourComputableMyIGNameHere"/><title value="xxYour User Friendly Name for MyIG Here"/><status value="draft"/><experimental value="false"/><date value="2022-11-30T18:31:51+00:00"/><publisher value="xxxYour Work Group"/><contact><telecom><system value="url"/><value value="http://xxhl7.org/Special/committees/[something]"/></telecom></contact><description value="xxxA brief description of what this IG is about "/><jurisdiction><coding><system value="http://unstats.un.org/unsd/methods/m49/m49.htm"/><code value="001"/></coding></jurisdiction><packageId value="xxexample.fhir.uv.myig"/><license value="CC0-1.0"/><fhirVersion value="4.0.1"/><dependsOn id="hl7tx"><extension url="http://hl7.org/fhir/tools/StructureDefinition/implementationguide-dependency-comment"><valueMarkdown value="Automatically added as a dependency - all IGs depend on HL7 Terminology"/></extension><uri value="http://terminology.hl7.org/ImplementationGuide/hl7.terminology"/><packageId value="hl7.terminology.r4"/><version value="5.0.0"/></dependsOn><definition><extension url="http://hl7.org/fhir/tools/StructureDefinition/ig-parameter"><extension url="code"><valueString value="copyrightyear"/></extension><extension url="value"><valueString value="2019+"/></extension></extension><extension url="http://hl7.org/fhir/tools/StructureDefinition/ig-parameter"><extension url="code"><valueString value="releaselabel"/></extension><extension url="value"><valueString value="CI Build"/></extension></extension><extension url="http://hl7.org/fhir/tools/StructureDefinition/ig-parameter"><extension url="code"><valueString value="path-binary"/></extension><extension url="value"><valueString value="input\cql"/></extension></extension><extension url="http://hl7.org/fhir/tools/StructureDefinition/ig-parameter"><extension url="code"><valueString value="path-liquid"/></extension><extension url="value"><valueString value="templates\liquid"/></extension></extension><extension url="http://hl7.org/fhir/tools/StructureDefinition/ig-parameter"><extension url="code"><valueString value="autoload-resources"/></extension><extension url="value"><valueString value="true"/></extension></extension><extension url="http://hl7.org/fhir/tools/StructureDefinition/ig-parameter"><extension url="code"><valueString value="path-liquid"/></extension><extension url="value"><valueString value="template/liquid"/></extension></extension><extension url="http://hl7.org/fhir/tools/StructureDefinition/ig-parameter"><extension url="code"><valueString value="path-liquid"/></extension><extension url="value"><valueString value="input/liquid"/></extension></extension><extension url="http://hl7.org/fhir/tools/StructureDefinition/ig-parameter"><extension url="code"><valueString value="path-qa"/></extension><extension url="value"><valueString value="temp/qa"/></extension></extension><extension url="http://hl7.org/fhir/tools/StructureDefinition/ig-parameter"><extension url="code"><valueString value="path-temp"/></extension><extension url="value"><valueString value="temp/pages"/></extension></extension><extension url="http://hl7.org/fhir/tools/StructureDefinition/ig-parameter"><extension url="code"><valueString value="path-output"/></extension><extension url="value"><valueString value="output"/></extension></extension><extension url="http://hl7.org/fhir/tools/StructureDefinition/ig-parameter"><extension url="code"><valueString value="path-suppressed-warnings"/></extension><extension url="value"><valueString value="input/ignoreWarnings.txt"/></extension></extension><extension url="http://hl7.org/fhir/tools/StructureDefinition/ig-parameter"><extension url="code"><valueString value="path-history"/></extension><extension url="value"><valueString value="http://xxsomewhere.org/fhir/myig/history.html"/></extension></extension><extension url="http://hl7.org/fhir/tools/StructureDefinition/ig-parameter"><extension url="code"><valueString value="template-html"/></extension><extension url="value"><valueString value="template-page.html"/></extension></extension><extension url="http://hl7.org/fhir/tools/StructureDefinition/ig-parameter"><extension url="code"><valueString value="template-md"/></extension><extension url="value"><valueString value="template-page-md.html"/></extension></extension><extension url="http://hl7.org/fhir/tools/StructureDefinition/ig-parameter"><extension url="code"><valueString value="apply-contact"/></extension><extension url="value"><valueString value="true"/></extension></extension><extension url="http://hl7.org/fhir/tools/StructureDefinition/ig-parameter"><extension url="code"><valueString value="apply-context"/></extension><extension url="value"><valueString value="true"/></extension></extension><extension url="http://hl7.org/fhir/tools/StructureDefinition/ig-parameter"><extension url="code"><valueString value="apply-copyright"/></extension><extension url="value"><valueString value="true"/></extension></extension><extension url="http://hl7.org/fhir/tools/StructureDefinition/ig-parameter"><extension url="code"><valueString value="apply-jurisdiction"/></extension><extension url="value"><valueString value="true"/></extension></extension><extension url="http://hl7.org/fhir/tools/StructureDefinition/ig-parameter"><extension url="code"><valueString value="apply-license"/></extension><extension url="value"><valueString value="true"/></extension></extension><extension url="http://hl7.org/fhir/tools/StructureDefinition/ig-parameter"><extension url="code"><valueString value="apply-publisher"/></extension><extension url="value"><valueString value="true"/></extension></extension><extension url="http://hl7.org/fhir/tools/StructureDefinition/ig-parameter"><extension url="code"><valueString value="apply-version"/></extension><extension url="value"><valueString value="true"/></extension></extension><extension url="http://hl7.org/fhir/tools/StructureDefinition/ig-parameter"><extension url="code"><valueString value="active-tables"/></extension><extension url="value"><valueString value="true"/></extension></extension><grouping id="-str-profile"><name value="Structures: Resource Profiles"/><description value="These define constraints on FHIR resources for systems conforming to this implementation guide"/></grouping><grouping id="-str-extension"><name value="Structures: Extension Definitions"/><description value="These define constraints on FHIR data types for systems conforming to this implementation guide"/></grouping><grouping id="-term-valueset"><name value="Terminology: Value Sets"/><description value="These define sets of codes used by systems conforming to this implementation guide"/></grouping><grouping id="-term-codesystem"><name value="Terminology: Code Systems"/><description value="These define new code systems used by systems conforming to this implementation guide"/></grouping><grouping id="-other"><name value="Other"/><description value="These are resources that are used within this implementation guide that do not fit into one of the other categories"/></grouping><resource><extension url="http://hl7.org/fhir/StructureDefinition/implementationguide-page"><valueUri value="Observation-HIVDateOfRecencyTestExample.html"/></extension><reference><reference value="Observation/HIVDateOfRecencyTestExample"/></reference><groupingId value="-other"/></resource><resource><extension url="http://hl7.org/fhir/StructureDefinition/implementationguide-page"><valueUri value="CodeSystem-cs-vl-causeofdeath.html"/></extension><reference><reference value="CodeSystem/cs-vl-causeofdeath"/></reference><name value="Cause Of Death"/><description value="A list of CauseOfDeaths"/><groupingId value="-term-codesystem"/></resource><resource><extension url="http://hl7.org/fhir/StructureDefinition/implementationguide-page"><valueUri value="StructureDefinition-hiv-disgnosis-encounter.html"/></extension><reference><reference value="StructureDefinition/hiv-disgnosis-encounter"/></reference><name value="HIV Diagnosis Encounter"/><description value="HIV Encounter for a case report"/><groupingId value="-str-profile"/></resource><resource><extension url="http://hl7.org/fhir/StructureDefinition/implementationguide-page"><valueUri value="RelatedPerson-GuardianExample.html"/></extension><reference><reference value="RelatedPerson/GuardianExample"/></reference><groupingId value="-other"/></resource><resource><extension url="http://hl7.org/fhir/StructureDefinition/implementationguide-page"><valueUri value="StructureDefinition-date-tested-for-hiv.html"/></extension><reference><reference value="StructureDefinition/date-tested-for-hiv"/></reference><name value="HIVTestDateObservation"/><description value="This profile allows the exchange of a patient's test date"/><groupingId value="-str-profile"/></resource><resource><extension url="http://hl7.org/fhir/StructureDefinition/implementationguide-page"><valueUri value="Condition-HIVDiagnosisExample.html"/></extension><reference><reference value="Condition/HIVDiagnosisExample"/></reference><groupingId value="-other"/></resource><resource><extension url="http://hl7.org/fhir/StructureDefinition/implementationguide-page"><valueUri value="Observation-ViralLoadSuppressionExample1.html"/></extension><reference><reference value="Observation/ViralLoadSuppressionExample1"/></reference><groupingId value="-other"/></resource><resource><extension url="http://hl7.org/fhir/StructureDefinition/implementationguide-page"><valueUri value="ValueSet-vs-art-status.html"/></extension><reference><reference value="ValueSet/vs-art-status"/></reference><name value="Value-set for ART Status code"/><description value="Value-set for ART status codes"/><groupingId value="-term-valueset"/></resource><resource><extension url="http://hl7.org/fhir/StructureDefinition/implementationguide-page"><valueUri value="StructureDefinition-hiv-arv-treatment.html"/></extension><reference><reference value="StructureDefinition/hiv-arv-treatment"/></reference><name value="ARVCarePlan"/><description value="This profile allows the exchange of a patient's ARV treatment"/><groupingId value="-str-profile"/></resource><resource><extension url="http://hl7.org/fhir/StructureDefinition/implementationguide-page"><valueUri value="Observation-HIVRecencyResultExample.html"/></extension><reference><reference value="Observation/HIVRecencyResultExample"/></reference><groupingId value="-other"/></resource><resource><extension url="http://hl7.org/fhir/StructureDefinition/implementationguide-page"><valueUri value="ServiceRequest-HIVTransferOutExample.html"/></extension><reference><reference value="ServiceRequest/HIVTransferOutExample"/></reference><groupingId value="-other"/></resource><resource><extension url="http://hl7.org/fhir/StructureDefinition/implementationguide-page"><valueUri value="StructureDefinition-hiv-recency-result.html"/></extension><reference><reference value="StructureDefinition/hiv-recency-result"/></reference><name value="HIV Recency Result"/><description value="This profile allows the exchange of a patient's hiv recency test"/><groupingId value="-str-profile"/></resource><resource><extension url="http://hl7.org/fhir/StructureDefinition/implementationguide-page"><valueUri value="StructureDefinition-hiv-viral-load-suppression-most-recent-test-date.html"/></extension><reference><reference value="StructureDefinition/hiv-viral-load-suppression-most-recent-test-date"/></reference><name value="HIV Viral Load Suppression Most Recent Test Date"/><description value="This profile is to determine the date of the HIV Test"/><groupingId value="-str-profile"/></resource><resource><extension url="http://hl7.org/fhir/StructureDefinition/implementationguide-page"><valueUri value="StructureDefinition-hiv-transfer-out.html"/></extension><reference><reference value="StructureDefinition/hiv-transfer-out"/></reference><name value="HIV Transfer Out Request"/><description value="HIV Transfer Out Request"/><groupingId value="-str-profile"/></resource><resource><extension url="http://hl7.org/fhir/StructureDefinition/implementationguide-page"><valueUri value="StructureDefinition-hiv-episode-of-care.html"/></extension><reference><reference value="StructureDefinition/hiv-episode-of-care"/></reference><name value="HIV Episode Of Care"/><groupingId value="-str-profile"/></resource><resource><extension url="http://hl7.org/fhir/StructureDefinition/implementationguide-page"><valueUri value="Encounter-HIVClinicalEncounterExample.html"/></extension><reference><reference value="Encounter/HIVClinicalEncounterExample"/></reference><groupingId value="-other"/></resource><resource><extension url="http://hl7.org/fhir/StructureDefinition/implementationguide-page"><valueUri value="Bundle-HIVCaseReportingSubmitBundleExample.html"/></extension><reference><reference value="Bundle/HIVCaseReportingSubmitBundleExample"/></reference><groupingId value="-other"/></resource><resource><extension url="http://hl7.org/fhir/StructureDefinition/implementationguide-page"><valueUri value="CodeSystem-cs-case-report-sections.html"/></extension><reference><reference value="CodeSystem/cs-case-report-sections"/></reference><name value="HIV Case Report Sections codesystem"/><groupingId value="-term-codesystem"/></resource><resource><extension url="http://hl7.org/fhir/StructureDefinition/implementationguide-page"><valueUri value="CodeSystem-cs-hiv-obs-codes.html"/></extension><reference><reference value="CodeSystem/cs-hiv-obs-codes"/></reference><name value="HIV Case Report Observation codes"/><groupingId value="-term-codesystem"/></resource><resource><extension url="http://hl7.org/fhir/StructureDefinition/implementationguide-page"><valueUri value="Procedure-VLProcedureInfoExample.html"/></extension><reference><reference value="Procedure/VLProcedureInfoExample"/></reference><groupingId value="-other"/></resource><resource><extension url="http://hl7.org/fhir/StructureDefinition/implementationguide-page"><valueUri value="Observation-ViralLoadSuppressionExample2.html"/></extension><reference><reference value="Observation/ViralLoadSuppressionExample2"/></reference><groupingId value="-other"/></resource><resource><extension url="http://hl7.org/fhir/StructureDefinition/implementationguide-page"><valueUri value="CarePlan-ARVTreatmentExample2.html"/></extension><reference><reference value="CarePlan/ARVTreatmentExample2"/></reference><groupingId value="-other"/></resource><resource><extension url="http://hl7.org/fhir/StructureDefinition/implementationguide-page"><valueUri value="StructureDefinition-art-status.html"/></extension><reference><reference value="StructureDefinition/art-status"/></reference><name value="ART Status"/><groupingId value="-str-extension"/></resource><resource><extension url="http://hl7.org/fhir/StructureDefinition/implementationguide-page"><valueUri value="StructureDefinition-viral-load-specimen.html"/></extension><reference><reference value="StructureDefinition/viral-load-specimen"/></reference><name value="Viral Load Specimen"/><description value="Viral Load Specimen"/><groupingId value="-str-profile"/></resource><resource><extension url="http://hl7.org/fhir/StructureDefinition/implementationguide-page"><valueUri value="StructureDefinition-hiv-med-req.html"/></extension><reference><reference value="StructureDefinition/hiv-med-req"/></reference><name value="HIV Care Medication Request"/><description value="HIV Care Medication Request"/><groupingId value="-str-profile"/></resource><resource><extension url="http://hl7.org/fhir/StructureDefinition/implementationguide-page"><valueUri value="StructureDefinition-hiv-viral-load-suppression.html"/></extension><reference><reference value="StructureDefinition/hiv-viral-load-suppression"/></reference><name value="HIV viral load suppression"/><description value="HIV viral load"/><groupingId value="-str-profile"/></resource><resource><extension url="http://hl7.org/fhir/StructureDefinition/implementationguide-page"><valueUri value="StructureDefinition-hiv-patient.html"/></extension><reference><reference value="StructureDefinition/hiv-patient"/></reference><name value="HIV Patient"/><description value="This Patient profile allows the exchange of patient information, including all the data associated with HIV patients"/><groupingId value="-str-profile"/></resource><resource><extension url="http://hl7.org/fhir/StructureDefinition/implementationguide-page"><valueUri value="StructureDefinition-vl-procedure.html"/></extension><reference><reference value="StructureDefinition/vl-procedure"/></reference><name value="VL Procedure info"/><description value="VL Procedure info"/><groupingId value="-str-profile"/></resource><resource><extension url="http://hl7.org/fhir/StructureDefinition/implementationguide-page"><valueUri value="StructureDefinition-hiv-service-request.html"/></extension><reference><reference value="StructureDefinition/hiv-service-request"/></reference><name value="HIV Service Request"/><description value="HIV Service Request"/><groupingId value="-str-profile"/></resource><resource><extension url="http://hl7.org/fhir/StructureDefinition/implementationguide-page"><valueUri value="MedicationRequest-HIVCareMedicationRequestExample.html"/></extension><reference><reference value="MedicationRequest/HIVCareMedicationRequestExample"/></reference><groupingId value="-other"/></resource><resource><extension url="http://hl7.org/fhir/StructureDefinition/implementationguide-page"><valueUri value="ValueSet-vs-marital-status.html"/></extension><reference><reference value="ValueSet/vs-marital-status"/></reference><name value="Marital Status"/><description value="Valueset - marital statuses"/><groupingId value="-term-valueset"/></resource><resource><extension url="http://hl7.org/fhir/StructureDefinition/implementationguide-page"><valueUri value="Observation-HIVActualRecencyTestResultExample.html"/></extension><reference><reference value="Observation/HIVActualRecencyTestResultExample"/></reference><groupingId value="-other"/></resource><resource><extension url="http://hl7.org/fhir/StructureDefinition/implementationguide-page"><valueUri value="StructureDefinition-hiv-date-recency-test.html"/></extension><reference><reference value="StructureDefinition/hiv-date-recency-test"/></reference><name value="HIV Date Recency Test"/><description value="This profile is to determine the data of the HIV Test"/><groupingId value="-str-profile"/></resource><resource><extension url="http://hl7.org/fhir/StructureDefinition/implementationguide-page"><valueUri value="StructureDefinition-hiv-cd4-test.html"/></extension><reference><reference value="StructureDefinition/hiv-cd4-test"/></reference><name value="CD4Observation"/><description value="This profile allows the exchange of a patient's CD4 test and results"/><groupingId value="-str-profile"/></resource><resource><extension url="http://hl7.org/fhir/StructureDefinition/implementationguide-page"><valueUri value="ValueSet-vs-careplan-outcome.html"/></extension><reference><reference value="ValueSet/vs-careplan-outcome"/></reference><name value="ARV treatment outcomes"/><description value="Value-set for ARV treatment plan outcomes"/><groupingId value="-term-valueset"/></resource><resource><extension url="http://hl7.org/fhir/StructureDefinition/implementationguide-page"><valueUri value="ValueSet-vs-hiv-vl-reason.html"/></extension><reference><reference value="ValueSet/vs-hiv-vl-reason"/></reference><name value="HIV VL Reason codes"/><description value="Valueset - Viral Load test reasons"/><groupingId value="-term-valueset"/></resource><resource><extension url="http://hl7.org/fhir/StructureDefinition/implementationguide-page"><valueUri value="Observation-HIVRecencyTestConductedExample.html"/></extension><reference><reference value="Observation/HIVRecencyTestConductedExample"/></reference><groupingId value="-other"/></resource><resource><extension url="http://hl7.org/fhir/StructureDefinition/implementationguide-page"><valueUri value="StructureDefinition-death-obs.html"/></extension><reference><reference value="StructureDefinition/death-obs"/></reference><name value="Death Obs"/><groupingId value="-str-profile"/></resource><resource><extension url="http://hl7.org/fhir/StructureDefinition/implementationguide-page"><valueUri value="Observation-CD4Example1.html"/></extension><reference><reference value="Observation/CD4Example1"/></reference><groupingId value="-other"/></resource><resource><extension url="http://hl7.org/fhir/StructureDefinition/implementationguide-page"><valueUri value="StructureDefinition-hiv-organization.html"/></extension><reference><reference value="StructureDefinition/hiv-organization"/></reference><name value="HIV Organization"/><description value="HIV Organization for case report - this represents a health facility"/><groupingId value="-str-profile"/></resource><resource><extension url="http://hl7.org/fhir/StructureDefinition/implementationguide-page"><valueUri value="StructureDefinition-last-clinical-visit.html"/></extension><reference><reference value="StructureDefinition/last-clinical-visit"/></reference><name value="Last Clinical Visit"/><groupingId value="-str-extension"/></resource><resource><extension url="http://hl7.org/fhir/StructureDefinition/implementationguide-page"><valueUri value="ValueSet-vs-key-population.html"/></extension><reference><reference value="ValueSet/vs-key-population"/></reference><name value="Key population"/><description value="A list of key population types"/><groupingId value="-term-valueset"/></resource><resource><extension url="http://hl7.org/fhir/StructureDefinition/implementationguide-page"><valueUri value="CodeSystem-cs-vl-interpretation.html"/></extension><reference><reference value="CodeSystem/cs-vl-interpretation"/></reference><name value="Viral load Interpretation"/><description value="A list of Viral load Interpretations"/><groupingId value="-term-codesystem"/></resource><resource><extension url="http://hl7.org/fhir/StructureDefinition/implementationguide-page"><valueUri value="CodeSystem-cs-vl-suppression.html"/></extension><reference><reference value="CodeSystem/cs-vl-suppression"/></reference><name value="Viral load Suppression"/><description value="A list of Viral load Suppression"/><groupingId value="-term-codesystem"/></resource><resource><extension url="http://hl7.org/fhir/StructureDefinition/implementationguide-page"><valueUri value="StructureDefinition-key-population.html"/></extension><reference><reference value="StructureDefinition/key-population"/></reference><name value="Key population"/><description value="Key population"/><groupingId value="-str-extension"/></resource><resource><extension url="http://hl7.org/fhir/StructureDefinition/implementationguide-page"><valueUri value="StructureDefinition-hiv-clinical-encounter.html"/></extension><reference><reference value="StructureDefinition/hiv-clinical-encounter"/></reference><name value="HIV Clinical Encounter"/><description value="HIV Encounter for a case report"/><groupingId value="-str-profile"/></resource><resource><extension url="http://hl7.org/fhir/StructureDefinition/implementationguide-page"><valueUri value="Observation-CD4Example2.html"/></extension><reference><reference value="Observation/CD4Example2"/></reference><groupingId value="-other"/></resource><resource><extension url="http://hl7.org/fhir/StructureDefinition/implementationguide-page"><valueUri value="MedicationDispense-HIVMedicationDispenseExample.html"/></extension><reference><reference value="MedicationDispense/HIVMedicationDispenseExample"/></reference><groupingId value="-other"/></resource><resource><extension url="http://hl7.org/fhir/StructureDefinition/implementationguide-page"><valueUri value="Observation-DeathExample.html"/></extension><reference><reference value="Observation/DeathExample"/></reference><groupingId value="-other"/></resource><resource><extension url="http://hl7.org/fhir/StructureDefinition/implementationguide-page"><valueUri value="CodeSystem-vl-reason-codes.html"/></extension><reference><reference value="CodeSystem/vl-reason-codes"/></reference><name value="HIV VL Reason codes"/><description value="A list of Viral Load test reasons"/><groupingId value="-term-codesystem"/></resource><resource><extension url="http://hl7.org/fhir/StructureDefinition/implementationguide-page"><valueUri value="StructureDefinition-hiv-recency-test-conducted.html"/></extension><reference><reference value="StructureDefinition/hiv-recency-test-conducted"/></reference><name value="HIV Recency Test Conducted"/><description value="This profile allows the exchange of a patient's hiv recency test"/><groupingId value="-str-profile"/></resource><resource><extension url="http://hl7.org/fhir/StructureDefinition/implementationguide-page"><valueUri value="StructureDefinition-hiv-acutal-recency-test-result.html"/></extension><reference><reference value="StructureDefinition/hiv-acutal-recency-test-result"/></reference><name value="HIV Actual Recency Test Result"/><description value="This profile is to determine the recent test result"/><groupingId value="-str-profile"/></resource><resource><extension url="http://hl7.org/fhir/StructureDefinition/implementationguide-page"><valueUri value="StructureDefinition-hiv-related-person.html"/></extension><reference><reference value="StructureDefinition/hiv-related-person"/></reference><name value="HIV Related Person"/><description value="HIV Related Person"/><groupingId value="-str-profile"/></resource><resource><extension url="http://hl7.org/fhir/StructureDefinition/implementationguide-page"><valueUri value="Organization-HIVOrganizationExample.html"/></extension><reference><reference value="Organization/HIVOrganizationExample"/></reference><groupingId value="-other"/></resource><resource><extension url="http://hl7.org/fhir/StructureDefinition/implementationguide-page"><valueUri value="Observation-ViralLoadSuppressionMostRecentTestResultExample.html"/></extension><reference><reference value="Observation/ViralLoadSuppressionMostRecentTestResultExample"/></reference><groupingId value="-other"/></resource><resource><extension url="http://hl7.org/fhir/StructureDefinition/implementationguide-page"><valueUri value="CodeSystem-cs-key-population.html"/></extension><reference><reference value="CodeSystem/cs-key-population"/></reference><name value="Key population"/><description value="A list of key population types"/><groupingId value="-term-codesystem"/></resource><resource><extension url="http://hl7.org/fhir/StructureDefinition/implementationguide-page"><valueUri value="CodeSystem-cs-artregimen-lines.html"/></extension><reference><reference value="CodeSystem/cs-artregimen-lines"/></reference><name value="ART Regimen Lines"/><groupingId value="-term-codesystem"/></resource><resource><extension url="http://hl7.org/fhir/StructureDefinition/implementationguide-page"><valueUri value="CodeSystem-cs-art-status.html"/></extension><reference><reference value="CodeSystem/cs-art-status"/></reference><name value="ART Status code list"/><description value="A list of ART status codes"/><groupingId value="-term-codesystem"/></resource><resource><extension url="http://hl7.org/fhir/StructureDefinition/implementationguide-page"><valueUri value="Patient-HIVPatientExample.html"/></extension><reference><reference value="Patient/HIVPatientExample"/></reference><groupingId value="-other"/></resource><resource><extension url="http://hl7.org/fhir/StructureDefinition/implementationguide-page"><valueUri value="StructureDefinition-hiv-diagnosis.html"/></extension><reference><reference value="StructureDefinition/hiv-diagnosis"/></reference><name value="HIV Diagnosis"/><description value="This profile allows the exchange of a patient's hiv diagnosis"/><groupingId value="-str-profile"/></resource><resource><extension url="http://hl7.org/fhir/StructureDefinition/implementationguide-page"><valueUri value="StructureDefinition-hiv-medication-dispense.html"/></extension><reference><reference value="StructureDefinition/hiv-medication-dispense"/></reference><name value="HIV Medication Dispense"/><groupingId value="-str-profile"/></resource><resource><extension url="http://hl7.org/fhir/StructureDefinition/implementationguide-page"><valueUri value="Specimen-VLSpecimenExample.html"/></extension><reference><reference value="Specimen/VLSpecimenExample"/></reference><groupingId value="-other"/></resource><resource><extension url="http://hl7.org/fhir/StructureDefinition/implementationguide-page"><valueUri value="ValueSet-vs-vl-causeofdeath.html"/></extension><reference><reference value="ValueSet/vs-vl-causeofdeath"/></reference><name value="Cause Of Death"/><description value="Valueset - CauseOfDeaths"/><groupingId value="-term-valueset"/></resource><resource><extension url="http://hl7.org/fhir/StructureDefinition/implementationguide-page"><valueUri value="ServiceRequest-HIVServiceRequestExample.html"/></extension><reference><reference value="ServiceRequest/HIVServiceRequestExample"/></reference><groupingId value="-other"/></resource><resource><extension url="http://hl7.org/fhir/StructureDefinition/implementationguide-page"><valueUri value="ValueSet-vs-vl-suppression.html"/></extension><reference><reference value="ValueSet/vs-vl-suppression"/></reference><name value="Viral load Suppression"/><description value="Valueset - Viral load Suppression"/><groupingId value="-term-valueset"/></resource><resource><extension url="http://hl7.org/fhir/StructureDefinition/implementationguide-page"><valueUri value="ValueSet-vs-artregimen-lines.html"/></extension><reference><reference value="ValueSet/vs-artregimen-lines"/></reference><name value="VSART Regimen Lines"/><groupingId value="-term-valueset"/></resource><resource><extension url="http://hl7.org/fhir/StructureDefinition/implementationguide-page"><valueUri value="EpisodeOfCare-HIVEpisodeOfCareExample.html"/></extension><reference><reference value="EpisodeOfCare/HIVEpisodeOfCareExample"/></reference><groupingId value="-other"/></resource><resource><extension url="http://hl7.org/fhir/StructureDefinition/implementationguide-page"><valueUri value="Observation-HIVTestDateExample.html"/></extension><reference><reference value="Observation/HIVTestDateExample"/></reference><groupingId value="-other"/></resource><resource><extension url="http://hl7.org/fhir/StructureDefinition/implementationguide-page"><valueUri value="StructureDefinition-hiv-care-next-visit.html"/></extension><reference><reference value="StructureDefinition/hiv-care-next-visit"/></reference><name value="Next Appointment Date"/><groupingId value="-str-extension"/></resource><resource><extension url="http://hl7.org/fhir/StructureDefinition/implementationguide-page"><valueUri value="Observation-ViralLoadSuppressionMostRecentTestDateExample.html"/></extension><reference><reference value="Observation/ViralLoadSuppressionMostRecentTestDateExample"/></reference><groupingId value="-other"/></resource><resource><extension url="http://hl7.org/fhir/StructureDefinition/implementationguide-page"><valueUri value="CarePlan-ARVTreatmentExample1.html"/></extension><reference><reference value="CarePlan/ARVTreatmentExample1"/></reference><groupingId value="-other"/></resource><resource><extension url="http://hl7.org/fhir/StructureDefinition/implementationguide-page"><valueUri value="StructureDefinition-hiv-viral-load-suppression-most-recent-test-result.html"/></extension><reference><reference value="StructureDefinition/hiv-viral-load-suppression-most-recent-test-result"/></reference><name value="HIV Viral Load Suppression Most Recent Test Result"/><description value="This profile is to determine the result of the HIV Test"/><groupingId value="-str-profile"/></resource><resource><extension url="http://hl7.org/fhir/StructureDefinition/implementationguide-page"><valueUri value="Encounter-HIVDiagnosisEncounterExample.html"/></extension><reference><reference value="Encounter/HIVDiagnosisEncounterExample"/></reference><groupingId value="-other"/></resource><resource><extension url="http://hl7.org/fhir/StructureDefinition/implementationguide-page"><valueUri value="StructureDefinition-art-regimen-line.html"/></extension><reference><reference value="StructureDefinition/art-regimen-line"/></reference><name value="ART Regimen Line"/><groupingId value="-str-extension"/></resource><resource><extension url="http://hl7.org/fhir/StructureDefinition/implementationguide-page"><valueUri value="ValueSet-vs-vl-interpretation.html"/></extension><reference><reference value="ValueSet/vs-vl-interpretation"/></reference><name value="Viral load Interpretation"/><description value="Valueset - Viral load Interpretations"/><groupingId value="-term-valueset"/></resource><page><extension url="http://hl7.org/fhir/tools/StructureDefinition/ig-page-name"><valueUrl value="toc.html"/></extension><nameUrl value="toc.html"/><title value="Table of Contents"/><generation value="html"/><page><extension url="http://hl7.org/fhir/tools/StructureDefinition/ig-page-name"><valueUrl value="index.html"/></extension><nameUrl value="index.html"/><title value="MyIG Home Page"/><generation value="html"/></page><page><extension url="http://hl7.org/fhir/tools/StructureDefinition/ig-page-name"><valueUrl value="changes.html"/></extension><nameUrl value="changes.html"/><title value="IG Change History"/><generation value="html"/></page><page><extension url="http://hl7.org/fhir/tools/StructureDefinition/ig-page-name"><valueUrl value="artifacts.html"/></extension><nameUrl value="artifacts.html"/><title value="Artifacts Summary"/><generation value="html"/><page><extension url="http://hl7.org/fhir/tools/StructureDefinition/ig-page-name"><valueUrl value="StructureDefinition-hiv-disgnosis-encounter.html"/></extension><nameUrl value="StructureDefinition-hiv-disgnosis-encounter.html"/><title value="HIV Diagnosis Encounter"/><generation value="generated"/></page><page><extension url="http://hl7.org/fhir/tools/StructureDefinition/ig-page-name"><valueUrl value="StructureDefinition-date-tested-for-hiv.html"/></extension><nameUrl value="StructureDefinition-date-tested-for-hiv.html"/><title value="HIVTestDateObservation"/><generation value="generated"/></page><page><extension url="http://hl7.org/fhir/tools/StructureDefinition/ig-page-name"><valueUrl value="StructureDefinition-hiv-arv-treatment.html"/></extension><nameUrl value="StructureDefinition-hiv-arv-treatment.html"/><title value="ARVCarePlan"/><generation value="generated"/></page><page><extension url="http://hl7.org/fhir/tools/StructureDefinition/ig-page-name"><valueUrl value="StructureDefinition-hiv-recency-result.html"/></extension><nameUrl value="StructureDefinition-hiv-recency-result.html"/><title value="HIV Recency Result"/><generation value="generated"/></page><page><extension url="http://hl7.org/fhir/tools/StructureDefinition/ig-page-name"><valueUrl value="StructureDefinition-hiv-viral-load-suppression-most-recent-test-date.html"/></extension><nameUrl value="StructureDefinition-hiv-viral-load-suppression-most-recent-test-date.html"/><title value="HIV Viral Load Suppression Most Recent Test Date"/><generation value="generated"/></page><page><extension url="http://hl7.org/fhir/tools/StructureDefinition/ig-page-name"><valueUrl value="StructureDefinition-hiv-transfer-out.html"/></extension><nameUrl value="StructureDefinition-hiv-transfer-out.html"/><title value="HIV Transfer Out Request"/><generation value="generated"/></page><page><extension url="http://hl7.org/fhir/tools/StructureDefinition/ig-page-name"><valueUrl value="StructureDefinition-hiv-episode-of-care.html"/></extension><nameUrl value="StructureDefinition-hiv-episode-of-care.html"/><title value="HIV Episode Of Care"/><generation value="generated"/></page><page><extension url="http://hl7.org/fhir/tools/StructureDefinition/ig-page-name"><valueUrl value="StructureDefinition-viral-load-specimen.html"/></extension><nameUrl value="StructureDefinition-viral-load-specimen.html"/><title value="Viral Load Specimen"/><generation value="generated"/></page><page><extension url="http://hl7.org/fhir/tools/StructureDefinition/ig-page-name"><valueUrl value="StructureDefinition-hiv-med-req.html"/></extension><nameUrl value="StructureDefinition-hiv-med-req.html"/><title value="HIV Care Medication Request"/><generation value="generated"/></page><page><extension url="http://hl7.org/fhir/tools/StructureDefinition/ig-page-name"><valueUrl value="StructureDefinition-hiv-viral-load-suppression.html"/></extension><nameUrl value="StructureDefinition-hiv-viral-load-suppression.html"/><title value="HIV viral load suppression"/><generation value="generated"/></page><page><extension url="http://hl7.org/fhir/tools/StructureDefinition/ig-page-name"><valueUrl value="StructureDefinition-hiv-patient.html"/></extension><nameUrl value="StructureDefinition-hiv-patient.html"/><title value="HIV Patient"/><generation value="generated"/></page><page><extension url="http://hl7.org/fhir/tools/StructureDefinition/ig-page-name"><valueUrl value="StructureDefinition-vl-procedure.html"/></extension><nameUrl value="StructureDefinition-vl-procedure.html"/><title value="VL Procedure info"/><generation value="generated"/></page><page><extension url="http://hl7.org/fhir/tools/StructureDefinition/ig-page-name"><valueUrl value="StructureDefinition-hiv-service-request.html"/></extension><nameUrl value="StructureDefinition-hiv-service-request.html"/><title value="HIV Service Request"/><generation value="generated"/></page><page><extension url="http://hl7.org/fhir/tools/StructureDefinition/ig-page-name"><valueUrl value="StructureDefinition-hiv-date-recency-test.html"/></extension><nameUrl value="StructureDefinition-hiv-date-recency-test.html"/><title value="HIV Date Recency Test"/><generation value="generated"/></page><page><extension url="http://hl7.org/fhir/tools/StructureDefinition/ig-page-name"><valueUrl value="StructureDefinition-hiv-cd4-test.html"/></extension><nameUrl value="StructureDefinition-hiv-cd4-test.html"/><title value="CD4Observation"/><generation value="generated"/></page><page><extension url="http://hl7.org/fhir/tools/StructureDefinition/ig-page-name"><valueUrl value="StructureDefinition-death-obs.html"/></extension><nameUrl value="StructureDefinition-death-obs.html"/><title value="Death Obs"/><generation value="generated"/></page><page><extension url="http://hl7.org/fhir/tools/StructureDefinition/ig-page-name"><valueUrl value="StructureDefinition-hiv-organization.html"/></extension><nameUrl value="StructureDefinition-hiv-organization.html"/><title value="HIV Organization"/><generation value="generated"/></page><page><extension url="http://hl7.org/fhir/tools/StructureDefinition/ig-page-name"><valueUrl value="StructureDefinition-hiv-clinical-encounter.html"/></extension><nameUrl value="StructureDefinition-hiv-clinical-encounter.html"/><title value="HIV Clinical Encounter"/><generation value="generated"/></page><page><extension url="http://hl7.org/fhir/tools/StructureDefinition/ig-page-name"><valueUrl value="StructureDefinition-hiv-recency-test-conducted.html"/></extension><nameUrl value="StructureDefinition-hiv-recency-test-conducted.html"/><title value="HIV Recency Test Conducted"/><generation value="generated"/></page><page><extension url="http://hl7.org/fhir/tools/StructureDefinition/ig-page-name"><valueUrl value="StructureDefinition-hiv-acutal-recency-test-result.html"/></extension><nameUrl value="StructureDefinition-hiv-acutal-recency-test-result.html"/><title value="HIV Actual Recency Test Result"/><generation value="generated"/></page><page><extension url="http://hl7.org/fhir/tools/StructureDefinition/ig-page-name"><valueUrl value="StructureDefinition-hiv-related-person.html"/></extension><nameUrl value="StructureDefinition-hiv-related-person.html"/><title value="HIV Related Person"/><generation value="generated"/></page><page><extension url="http://hl7.org/fhir/tools/StructureDefinition/ig-page-name"><valueUrl value="StructureDefinition-hiv-diagnosis.html"/></extension><nameUrl value="StructureDefinition-hiv-diagnosis.html"/><title value="HIV Diagnosis"/><generation value="generated"/></page><page><extension url="http://hl7.org/fhir/tools/StructureDefinition/ig-page-name"><valueUrl value="StructureDefinition-hiv-medication-dispense.html"/></extension><nameUrl value="StructureDefinition-hiv-medication-dispense.html"/><title value="HIV Medication Dispense"/><generation value="generated"/></page><page><extension url="http://hl7.org/fhir/tools/StructureDefinition/ig-page-name"><valueUrl value="StructureDefinition-hiv-viral-load-suppression-most-recent-test-result.html"/></extension><nameUrl value="StructureDefinition-hiv-viral-load-suppression-most-recent-test-result.html"/><title value="HIV Viral Load Suppression Most Recent Test Result"/><generation value="generated"/></page><page><extension url="http://hl7.org/fhir/tools/StructureDefinition/ig-page-name"><valueUrl value="StructureDefinition-art-status.html"/></extension><nameUrl value="StructureDefinition-art-status.html"/><title value="ART Status"/><generation value="generated"/></page><page><extension url="http://hl7.org/fhir/tools/StructureDefinition/ig-page-name"><valueUrl value="StructureDefinition-last-clinical-visit.html"/></extension><nameUrl value="StructureDefinition-last-clinical-visit.html"/><title value="Last Clinical Visit"/><generation value="generated"/></page><page><extension url="http://hl7.org/fhir/tools/StructureDefinition/ig-page-name"><valueUrl value="StructureDefinition-key-population.html"/></extension><nameUrl value="StructureDefinition-key-population.html"/><title value="Key population"/><generation value="generated"/></page><page><extension url="http://hl7.org/fhir/tools/StructureDefinition/ig-page-name"><valueUrl value="StructureDefinition-hiv-care-next-visit.html"/></extension><nameUrl value="StructureDefinition-hiv-care-next-visit.html"/><title value="Next Appointment Date"/><generation value="generated"/></page><page><extension url="http://hl7.org/fhir/tools/StructureDefinition/ig-page-name"><valueUrl value="StructureDefinition-art-regimen-line.html"/></extension><nameUrl value="StructureDefinition-art-regimen-line.html"/><title value="ART Regimen Line"/><generation value="generated"/></page><page><extension url="http://hl7.org/fhir/tools/StructureDefinition/ig-page-name"><valueUrl value="ValueSet-vs-art-status.html"/></extension><nameUrl value="ValueSet-vs-art-status.html"/><title value="Value-set for ART Status code"/><generation value="generated"/></page><page><extension url="http://hl7.org/fhir/tools/StructureDefinition/ig-page-name"><valueUrl value="ValueSet-vs-marital-status.html"/></extension><nameUrl value="ValueSet-vs-marital-status.html"/><title value="Marital Status"/><generation value="generated"/></page><page><extension url="http://hl7.org/fhir/tools/StructureDefinition/ig-page-name"><valueUrl value="ValueSet-vs-careplan-outcome.html"/></extension><nameUrl value="ValueSet-vs-careplan-outcome.html"/><title value="ARV treatment outcomes"/><generation value="generated"/></page><page><extension url="http://hl7.org/fhir/tools/StructureDefinition/ig-page-name"><valueUrl value="ValueSet-vs-hiv-vl-reason.html"/></extension><nameUrl value="ValueSet-vs-hiv-vl-reason.html"/><title value="HIV VL Reason codes"/><generation value="generated"/></page><page><extension url="http://hl7.org/fhir/tools/StructureDefinition/ig-page-name"><valueUrl value="ValueSet-vs-key-population.html"/></extension><nameUrl value="ValueSet-vs-key-population.html"/><title value="Key population"/><generation value="generated"/></page><page><extension url="http://hl7.org/fhir/tools/StructureDefinition/ig-page-name"><valueUrl value="ValueSet-vs-vl-causeofdeath.html"/></extension><nameUrl value="ValueSet-vs-vl-causeofdeath.html"/><title value="Cause Of Death"/><generation value="generated"/></page><page><extension url="http://hl7.org/fhir/tools/StructureDefinition/ig-page-name"><valueUrl value="ValueSet-vs-vl-suppression.html"/></extension><nameUrl value="ValueSet-vs-vl-suppression.html"/><title value="Viral load Suppression"/><generation value="generated"/></page><page><extension url="http://hl7.org/fhir/tools/StructureDefinition/ig-page-name"><valueUrl value="ValueSet-vs-artregimen-lines.html"/></extension><nameUrl value="ValueSet-vs-artregimen-lines.html"/><title value="VSART Regimen Lines"/><generation value="generated"/></page><page><extension url="http://hl7.org/fhir/tools/StructureDefinition/ig-page-name"><valueUrl value="ValueSet-vs-vl-interpretation.html"/></extension><nameUrl value="ValueSet-vs-vl-interpretation.html"/><title value="Viral load Interpretation"/><generation value="generated"/></page><page><extension url="http://hl7.org/fhir/tools/StructureDefinition/ig-page-name"><valueUrl value="CodeSystem-cs-vl-causeofdeath.html"/></extension><nameUrl value="CodeSystem-cs-vl-causeofdeath.html"/><title value="Cause Of Death"/><generation value="generated"/></page><page><extension url="http://hl7.org/fhir/tools/StructureDefinition/ig-page-name"><valueUrl value="CodeSystem-cs-case-report-sections.html"/></extension><nameUrl value="CodeSystem-cs-case-report-sections.html"/><title value="HIV Case Report Sections codesystem"/><generation value="generated"/></page><page><extension url="http://hl7.org/fhir/tools/StructureDefinition/ig-page-name"><valueUrl value="CodeSystem-cs-hiv-obs-codes.html"/></extension><nameUrl value="CodeSystem-cs-hiv-obs-codes.html"/><title value="HIV Case Report Observation codes"/><generation value="generated"/></page><page><extension url="http://hl7.org/fhir/tools/StructureDefinition/ig-page-name"><valueUrl value="CodeSystem-cs-vl-interpretation.html"/></extension><nameUrl value="CodeSystem-cs-vl-interpretation.html"/><title value="Viral load Interpretation"/><generation value="generated"/></page><page><extension url="http://hl7.org/fhir/tools/StructureDefinition/ig-page-name"><valueUrl value="CodeSystem-cs-vl-suppression.html"/></extension><nameUrl value="CodeSystem-cs-vl-suppression.html"/><title value="Viral load Suppression"/><generation value="generated"/></page><page><extension url="http://hl7.org/fhir/tools/StructureDefinition/ig-page-name"><valueUrl value="CodeSystem-vl-reason-codes.html"/></extension><nameUrl value="CodeSystem-vl-reason-codes.html"/><title value="HIV VL Reason codes"/><generation value="generated"/></page><page><extension url="http://hl7.org/fhir/tools/StructureDefinition/ig-page-name"><valueUrl value="CodeSystem-cs-key-population.html"/></extension><nameUrl value="CodeSystem-cs-key-population.html"/><title value="Key population"/><generation value="generated"/></page><page><extension url="http://hl7.org/fhir/tools/StructureDefinition/ig-page-name"><valueUrl value="CodeSystem-cs-artregimen-lines.html"/></extension><nameUrl value="CodeSystem-cs-artregimen-lines.html"/><title value="ART Regimen Lines"/><generation value="generated"/></page><page><extension url="http://hl7.org/fhir/tools/StructureDefinition/ig-page-name"><valueUrl value="CodeSystem-cs-art-status.html"/></extension><nameUrl value="CodeSystem-cs-art-status.html"/><title value="ART Status code list"/><generation value="generated"/></page><page><extension url="http://hl7.org/fhir/tools/StructureDefinition/ig-page-name"><valueUrl value="Observation-HIVDateOfRecencyTestExample.html"/></extension><nameUrl value="Observation-HIVDateOfRecencyTestExample.html"/><generation value="generated"/></page><page><extension url="http://hl7.org/fhir/tools/StructureDefinition/ig-page-name"><valueUrl value="RelatedPerson-GuardianExample.html"/></extension><nameUrl value="RelatedPerson-GuardianExample.html"/><generation value="generated"/></page><page><extension url="http://hl7.org/fhir/tools/StructureDefinition/ig-page-name"><valueUrl value="Condition-HIVDiagnosisExample.html"/></extension><nameUrl value="Condition-HIVDiagnosisExample.html"/><generation value="generated"/></page><page><extension url="http://hl7.org/fhir/tools/StructureDefinition/ig-page-name"><valueUrl value="Observation-ViralLoadSuppressionExample1.html"/></extension><nameUrl value="Observation-ViralLoadSuppressionExample1.html"/><generation value="generated"/></page><page><extension url="http://hl7.org/fhir/tools/StructureDefinition/ig-page-name"><valueUrl value="Observation-HIVRecencyResultExample.html"/></extension><nameUrl value="Observation-HIVRecencyResultExample.html"/><generation value="generated"/></page><page><extension url="http://hl7.org/fhir/tools/StructureDefinition/ig-page-name"><valueUrl value="ServiceRequest-HIVTransferOutExample.html"/></extension><nameUrl value="ServiceRequest-HIVTransferOutExample.html"/><generation value="generated"/></page><page><extension url="http://hl7.org/fhir/tools/StructureDefinition/ig-page-name"><valueUrl value="Encounter-HIVClinicalEncounterExample.html"/></extension><nameUrl value="Encounter-HIVClinicalEncounterExample.html"/><generation value="generated"/></page><page><extension url="http://hl7.org/fhir/tools/StructureDefinition/ig-page-name"><valueUrl value="Bundle-HIVCaseReportingSubmitBundleExample.html"/></extension><nameUrl value="Bundle-HIVCaseReportingSubmitBundleExample.html"/><generation value="generated"/></page><page><extension url="http://hl7.org/fhir/tools/StructureDefinition/ig-page-name"><valueUrl value="Procedure-VLProcedureInfoExample.html"/></extension><nameUrl value="Procedure-VLProcedureInfoExample.html"/><generation value="generated"/></page><page><extension url="http://hl7.org/fhir/tools/StructureDefinition/ig-page-name"><valueUrl value="Observation-ViralLoadSuppressionExample2.html"/></extension><nameUrl value="Observation-ViralLoadSuppressionExample2.html"/><generation value="generated"/></page><page><extension url="http://hl7.org/fhir/tools/StructureDefinition/ig-page-name"><valueUrl value="CarePlan-ARVTreatmentExample2.html"/></extension><nameUrl value="CarePlan-ARVTreatmentExample2.html"/><generation value="generated"/></page><page><extension url="http://hl7.org/fhir/tools/StructureDefinition/ig-page-name"><valueUrl value="MedicationRequest-HIVCareMedicationRequestExample.html"/></extension><nameUrl value="MedicationRequest-HIVCareMedicationRequestExample.html"/><generation value="generated"/></page><page><extension url="http://hl7.org/fhir/tools/StructureDefinition/ig-page-name"><valueUrl value="Observation-HIVActualRecencyTestResultExample.html"/></extension><nameUrl value="Observation-HIVActualRecencyTestResultExample.html"/><generation value="generated"/></page><page><extension url="http://hl7.org/fhir/tools/StructureDefinition/ig-page-name"><valueUrl value="Observation-HIVRecencyTestConductedExample.html"/></extension><nameUrl value="Observation-HIVRecencyTestConductedExample.html"/><generation value="generated"/></page><page><extension url="http://hl7.org/fhir/tools/StructureDefinition/ig-page-name"><valueUrl value="Observation-CD4Example1.html"/></extension><nameUrl value="Observation-CD4Example1.html"/><generation value="generated"/></page><page><extension url="http://hl7.org/fhir/tools/StructureDefinition/ig-page-name"><valueUrl value="Observation-CD4Example2.html"/></extension><nameUrl value="Observation-CD4Example2.html"/><generation value="generated"/></page><page><extension url="http://hl7.org/fhir/tools/StructureDefinition/ig-page-name"><valueUrl value="MedicationDispense-HIVMedicationDispenseExample.html"/></extension><nameUrl value="MedicationDispense-HIVMedicationDispenseExample.html"/><generation value="generated"/></page><page><extension url="http://hl7.org/fhir/tools/StructureDefinition/ig-page-name"><valueUrl value="Observation-DeathExample.html"/></extension><nameUrl value="Observation-DeathExample.html"/><generation value="generated"/></page><page><extension url="http://hl7.org/fhir/tools/StructureDefinition/ig-page-name"><valueUrl value="Organization-HIVOrganizationExample.html"/></extension><nameUrl value="Organization-HIVOrganizationExample.html"/><generation value="generated"/></page><page><extension url="http://hl7.org/fhir/tools/StructureDefinition/ig-page-name"><valueUrl value="Observation-ViralLoadSuppressionMostRecentTestResultExample.html"/></extension><nameUrl value="Observation-ViralLoadSuppressionMostRecentTestResultExample.html"/><generation value="generated"/></page><page><extension url="http://hl7.org/fhir/tools/StructureDefinition/ig-page-name"><valueUrl value="Patient-HIVPatientExample.html"/></extension><nameUrl value="Patient-HIVPatientExample.html"/><generation value="generated"/></page><page><extension url="http://hl7.org/fhir/tools/StructureDefinition/ig-page-name"><valueUrl value="Specimen-VLSpecimenExample.html"/></extension><nameUrl value="Specimen-VLSpecimenExample.html"/><generation value="generated"/></page><page><extension url="http://hl7.org/fhir/tools/StructureDefinition/ig-page-name"><valueUrl value="ServiceRequest-HIVServiceRequestExample.html"/></extension><nameUrl value="ServiceRequest-HIVServiceRequestExample.html"/><generation value="generated"/></page><page><extension url="http://hl7.org/fhir/tools/StructureDefinition/ig-page-name"><valueUrl value="EpisodeOfCare-HIVEpisodeOfCareExample.html"/></extension><nameUrl value="EpisodeOfCare-HIVEpisodeOfCareExample.html"/><generation value="generated"/></page><page><extension url="http://hl7.org/fhir/tools/StructureDefinition/ig-page-name"><valueUrl value="Observation-HIVTestDateExample.html"/></extension><nameUrl value="Observation-HIVTestDateExample.html"/><generation value="generated"/></page><page><extension url="http://hl7.org/fhir/tools/StructureDefinition/ig-page-name"><valueUrl value="Observation-ViralLoadSuppressionMostRecentTestDateExample.html"/></extension><nameUrl value="Observation-ViralLoadSuppressionMostRecentTestDateExample.html"/><generation value="generated"/></page><page><extension url="http://hl7.org/fhir/tools/StructureDefinition/ig-page-name"><valueUrl value="CarePlan-ARVTreatmentExample1.html"/></extension><nameUrl value="CarePlan-ARVTreatmentExample1.html"/><generation value="generated"/></page><page><extension url="http://hl7.org/fhir/tools/StructureDefinition/ig-page-name"><valueUrl value="Encounter-HIVDiagnosisEncounterExample.html"/></extension><nameUrl value="Encounter-HIVDiagnosisEncounterExample.html"/><generation value="generated"/></page></page></page><parameter><code value="path-resource"/><value value="input\history"/></parameter><parameter><code value="path-resource"/><value value="input\scenarios"/></parameter><parameter><code value="path-resource"/><value value="input/capabilities"/></parameter><parameter><code value="path-resource"/><value value="input/examples"/></parameter><parameter><code value="path-resource"/><value value="input/extensions"/></parameter><parameter><code value="path-resource"/><value value="input/models"/></parameter><parameter><code value="path-resource"/><value value="input/operations"/></parameter><parameter><code value="path-resource"/><value value="input/profiles"/></parameter><parameter><code value="path-resource"/><value value="input/resources"/></parameter><parameter><code value="path-resource"/><value value="input/vocabulary"/></parameter><parameter><code value="path-resource"/><value value="input/testing"/></parameter><parameter><code value="path-resource"/><value value="input/history"/></parameter><parameter><code value="path-resource"/><value value="fsh-generated/resources"/></parameter><parameter><code value="path-pages"/><value value="template/config"/></parameter><parameter><code value="path-pages"/><value value="input/images"/></parameter><parameter><code value="path-tx-cache"/><value value="input-cache/txcache"/></parameter></definition></ImplementationGuide>