{"resourceType":"CodeSystem","id":"cs-hiv-obs-codes","text":{"status":"generated","div":"<div xmlns=\"http://www.w3.org/1999/xhtml\"><p>This code system <code>http://jembi.org/fhir/hiv-casereporting/CodeSystem/cs-hiv-obs-codes</code> defines the following codes:</p><table class=\"codes\"><tr><td style=\"white-space:nowrap\"><b>Code</b></td><td><b>Display</b></td></tr><tr><td style=\"white-space:nowrap\">HIV-RECENCY-TEST-CONDUCTED<a name=\"cs-hiv-obs-codes-HIV-RECENCY-TEST-CONDUCTED\"> </a></td><td>HIV recency test conducted</td></tr><tr><td style=\"white-space:nowrap\">HIV-RECENCY-RESULT<a name=\"cs-hiv-obs-codes-HIV-RECENCY-RESULT\"> </a></td><td>HIV recency result</td></tr><tr><td style=\"white-space:nowrap\">CD4-RESULT<a name=\"cs-hiv-obs-codes-CD4-RESULT\"> </a></td><td>CD4 result</td></tr><tr><td style=\"white-space:nowrap\">VL-RESULT<a name=\"cs-hiv-obs-codes-VL-RESULT\"> </a></td><td>Viral load result</td></tr><tr><td style=\"white-space:nowrap\">CAUSE-OF-DEATH<a name=\"cs-hiv-obs-codes-CAUSE-OF-DEATH\"> </a></td><td>Cause of death</td></tr><tr><td style=\"white-space:nowrap\">HIV-DATE-RECENCY-TEST<a name=\"cs-hiv-obs-codes-HIV-DATE-RECENCY-TEST\"> </a></td><td>HIV date recency rest</td></tr><tr><td style=\"white-space:nowrap\">HIV-ACTUAL-RECENCY-TEST-RESULT<a name=\"cs-hiv-obs-codes-HIV-ACTUAL-RECENCY-TEST-RESULT\"> </a></td><td>HIV actual recency test result</td></tr><tr><td style=\"white-space:nowrap\">VL-MOST-RECENT-TEST-DATE<a name=\"cs-hiv-obs-codes-VL-MOST-RECENT-TEST-DATE\"> </a></td><td>VL most recent test date</td></tr><tr><td style=\"white-space:nowrap\">VL-MOST-RECENT-TEST-RESULT<a name=\"cs-hiv-obs-codes-VL-MOST-RECENT-TEST-RESULT\"> </a></td><td>VL most recent test result</td></tr><tr><td style=\"white-space:nowrap\">DATE-TESTED-FOR-HIV<a name=\"cs-hiv-obs-codes-DATE-TESTED-FOR-HIV\"> </a></td><td>Date tested for HIV</td></tr></table></div>"},"url":"http://jembi.org/fhir/hiv-casereporting/CodeSystem/cs-hiv-obs-codes","version":"0.1.0-test","name":"CSHIVObsCodes","title":"HIV Case Report Observation codes","status":"active","date":"2022-11-24T14:29:27+00:00","publisher":"xxxYour Work Group","contact":[{"telecom":[{"system":"url","value":"http://xxhl7.org/Special/committees/[something]"}]}],"jurisdiction":[{"coding":[{"system":"http://unstats.un.org/unsd/methods/m49/m49.htm","code":"001"}]}],"content":"complete","count":10,"concept":[{"code":"HIV-RECENCY-TEST-CONDUCTED","display":"HIV recency test conducted"},{"code":"HIV-RECENCY-RESULT","display":"HIV recency result"},{"code":"CD4-RESULT","display":"CD4 result"},{"code":"VL-RESULT","display":"Viral load result"},{"code":"CAUSE-OF-DEATH","display":"Cause of death"},{"code":"HIV-DATE-RECENCY-TEST","display":"HIV date recency rest"},{"code":"HIV-ACTUAL-RECENCY-TEST-RESULT","display":"HIV actual recency test result"},{"code":"VL-MOST-RECENT-TEST-DATE","display":"VL most recent test date"},{"code":"VL-MOST-RECENT-TEST-RESULT","display":"VL most recent test result"},{"code":"DATE-TESTED-FOR-HIV","display":"Date tested for HIV"}]}