{"resourceType":"CodeSystem","id":"cs-vl-suppression","text":{"status":"generated","div":"<div xmlns=\"http://www.w3.org/1999/xhtml\"><p>This code system <code>http://example.com/fhir/example/CodeSystem/cs-vl-suppression</code> defines the following codes:</p><table class=\"codes\"><tr><td style=\"white-space:nowrap\"><b>Code</b></td><td><b>Display</b></td></tr><tr><td style=\"white-space:nowrap\">SUP<a name=\"cs-vl-suppression-SUP\"> </a></td><td>Suppressed</td></tr><tr><td style=\"white-space:nowrap\">UNSUP<a name=\"cs-vl-suppression-UNSUP\"> </a></td><td>Unsuppressed</td></tr><tr><td style=\"white-space:nowrap\">UNK<a name=\"cs-vl-suppression-UNK\"> </a></td><td>Unknown</td></tr></table></div>"},"url":"http://example.com/fhir/example/CodeSystem/cs-vl-suppression","version":"0.1.0-test","name":"CSVLSuppression","title":"Viral load Suppression","status":"active","date":"2022-11-15T14:41:26+00:00","publisher":"xxxYour Work Group","contact":[{"telecom":[{"system":"url","value":"http://xxhl7.org/Special/committees/[something]"}]}],"description":"A list of Viral load Suppression","jurisdiction":[{"coding":[{"system":"http://unstats.un.org/unsd/methods/m49/m49.htm","code":"001"}]}],"content":"complete","count":3,"concept":[{"code":"SUP","display":"Suppressed"},{"code":"UNSUP","display":"Unsuppressed"},{"code":"UNK","display":"Unknown"}]}