{"resourceType":"ImplementationGuide","id":"xxexample.fhir.uv.myig","text":{"status":"extensions","div":"<div xmlns=\"http://www.w3.org/1999/xhtml\"><h2>XXYourComputableMyIGNameHere</h2><p>The official URL for this implementation guide is: </p><pre>http://xxsomewhere.org/fhir/myig/ImplementationGuide/xxexample.fhir.uv.myig</pre><div><p>xxxA brief description of what this IG is about</p>\n</div></div>"},"url":"http://xxsomewhere.org/fhir/myig/ImplementationGuide/xxexample.fhir.uv.myig","version":"0.1.0-test","name":"XXYourComputableMyIGNameHere","title":"xxYour User Friendly Name for MyIG Here","status":"draft","experimental":false,"date":"2022-11-24T14:29:27+00:00","publisher":"xxxYour Work Group","contact":[{"telecom":[{"system":"url","value":"http://xxhl7.org/Special/committees/[something]"}]}],"description":"xxxA brief description of what this IG is about ","jurisdiction":[{"coding":[{"system":"http://unstats.un.org/unsd/methods/m49/m49.htm","code":"001"}]}],"packageId":"xxexample.fhir.uv.myig","license":"CC0-1.0","fhirVersion":["4.0.1"],"dependsOn":[{"id":"hl7tx","extension":[{"url":"http://hl7.org/fhir/tools/StructureDefinition/implementationguide-dependency-comment","valueMarkdown":"Automatically added as a dependency - all IGs depend on HL7 Terminology"}],"uri":"http://terminology.hl7.org/ImplementationGuide/hl7.terminology","packageId":"hl7.terminology.r4","version":"5.0.0"}],"definition":{"extension":[{"extension":[{"url":"code","valueString":"copyrightyear"},{"url":"value","valueString":"2019+"}],"url":"http://hl7.org/fhir/tools/StructureDefinition/ig-parameter"},{"extension":[{"url":"code","valueString":"releaselabel"},{"url":"value","valueString":"CI Build"}],"url":"http://hl7.org/fhir/tools/StructureDefinition/ig-parameter"},{"extension":[{"url":"code","valueString":"path-binary"},{"url":"value","valueString":"input\\cql"}],"url":"http://hl7.org/fhir/tools/StructureDefinition/ig-parameter"},{"extension":[{"url":"code","valueString":"path-liquid"},{"url":"value","valueString":"templates\\liquid"}],"url":"http://hl7.org/fhir/tools/StructureDefinition/ig-parameter"},{"extension":[{"url":"code","valueString":"autoload-resources"},{"url":"value","valueString":"true"}],"url":"http://hl7.org/fhir/tools/StructureDefinition/ig-parameter"},{"extension":[{"url":"code","valueString":"path-liquid"},{"url":"value","valueString":"template/liquid"}],"url":"http://hl7.org/fhir/tools/StructureDefinition/ig-parameter"},{"extension":[{"url":"code","valueString":"path-liquid"},{"url":"value","valueString":"input/liquid"}],"url":"http://hl7.org/fhir/tools/StructureDefinition/ig-parameter"},{"extension":[{"url":"code","valueString":"path-qa"},{"url":"value","valueString":"temp/qa"}],"url":"http://hl7.org/fhir/tools/StructureDefinition/ig-parameter"},{"extension":[{"url":"code","valueString":"path-temp"},{"url":"value","valueString":"temp/pages"}],"url":"http://hl7.org/fhir/tools/StructureDefinition/ig-parameter"},{"extension":[{"url":"code","valueString":"path-output"},{"url":"value","valueString":"output"}],"url":"http://hl7.org/fhir/tools/StructureDefinition/ig-parameter"},{"extension":[{"url":"code","valueString":"path-suppressed-warnings"},{"url":"value","valueString":"input/ignoreWarnings.txt"}],"url":"http://hl7.org/fhir/tools/StructureDefinition/ig-parameter"},{"extension":[{"url":"code","valueString":"path-history"},{"url":"value","valueString":"http://xxsomewhere.org/fhir/myig/history.html"}],"url":"http://hl7.org/fhir/tools/StructureDefinition/ig-parameter"},{"extension":[{"url":"code","valueString":"template-html"},{"url":"value","valueString":"template-page.html"}],"url":"http://hl7.org/fhir/tools/StructureDefinition/ig-parameter"},{"extension":[{"url":"code","valueString":"template-md"},{"url":"value","valueString":"template-page-md.html"}],"url":"http://hl7.org/fhir/tools/StructureDefinition/ig-parameter"},{"extension":[{"url":"code","valueString":"apply-contact"},{"url":"value","valueString":"true"}],"url":"http://hl7.org/fhir/tools/StructureDefinition/ig-parameter"},{"extension":[{"url":"code","valueString":"apply-context"},{"url":"value","valueString":"true"}],"url":"http://hl7.org/fhir/tools/StructureDefinition/ig-parameter"},{"extension":[{"url":"code","valueString":"apply-copyright"},{"url":"value","valueString":"true"}],"url":"http://hl7.org/fhir/tools/StructureDefinition/ig-parameter"},{"extension":[{"url":"code","valueString":"apply-jurisdiction"},{"url":"value","valueString":"true"}],"url":"http://hl7.org/fhir/tools/StructureDefinition/ig-parameter"},{"extension":[{"url":"code","valueString":"apply-license"},{"url":"value","valueString":"true"}],"url":"http://hl7.org/fhir/tools/StructureDefinition/ig-parameter"},{"extension":[{"url":"code","valueString":"apply-publisher"},{"url":"value","valueString":"true"}],"url":"http://hl7.org/fhir/tools/StructureDefinition/ig-parameter"},{"extension":[{"url":"code","valueString":"apply-version"},{"url":"value","valueString":"true"}],"url":"http://hl7.org/fhir/tools/StructureDefinition/ig-parameter"},{"extension":[{"url":"code","valueString":"active-tables"},{"url":"value","valueString":"true"}],"url":"http://hl7.org/fhir/tools/StructureDefinition/ig-parameter"}],"grouping":[{"id":"-str-profile","name":"Structures: Resource Profiles","description":"These define constraints on FHIR resources for systems conforming to this implementation guide"},{"id":"-str-extension","name":"Structures: Extension Definitions","description":"These define constraints on FHIR data types for systems conforming to this implementation guide"},{"id":"-term-valueset","name":"Terminology: Value Sets","description":"These define sets of codes used by systems conforming to this implementation guide"},{"id":"-term-codesystem","name":"Terminology: Code Systems","description":"These define new code systems used by systems conforming to this implementation guide"},{"id":"-other","name":"Other","description":"These are resources that are used within this implementation guide that do not fit into one of the other categories"}],"resource":[{"extension":[{"url":"http://hl7.org/fhir/StructureDefinition/implementationguide-page","valueUri":"Observation-HIVDateOfRecencyTestExample.html"}],"reference":{"reference":"Observation/HIVDateOfRecencyTestExample"},"groupingId":"-other"},{"extension":[{"url":"http://hl7.org/fhir/StructureDefinition/implementationguide-page","valueUri":"CodeSystem-cs-vl-causeofdeath.html"}],"reference":{"reference":"CodeSystem/cs-vl-causeofdeath"},"name":"Cause Of Death","description":"A list of CauseOfDeaths","groupingId":"-term-codesystem"},{"extension":[{"url":"http://hl7.org/fhir/StructureDefinition/implementationguide-page","valueUri":"StructureDefinition-hiv-disgnosis-encounter.html"}],"reference":{"reference":"StructureDefinition/hiv-disgnosis-encounter"},"name":"HIV Diagnosis Encounter","description":"HIV Encounter for a case report","groupingId":"-str-profile"},{"extension":[{"url":"http://hl7.org/fhir/StructureDefinition/implementationguide-page","valueUri":"RelatedPerson-GuardianExample.html"}],"reference":{"reference":"RelatedPerson/GuardianExample"},"groupingId":"-other"},{"extension":[{"url":"http://hl7.org/fhir/StructureDefinition/implementationguide-page","valueUri":"StructureDefinition-date-tested-for-hiv.html"}],"reference":{"reference":"StructureDefinition/date-tested-for-hiv"},"name":"HIVTestDateObservation","description":"This profile allows the exchange of a patient's test date","groupingId":"-str-profile"},{"extension":[{"url":"http://hl7.org/fhir/StructureDefinition/implementationguide-page","valueUri":"Condition-HIVDiagnosisExample.html"}],"reference":{"reference":"Condition/HIVDiagnosisExample"},"groupingId":"-other"},{"extension":[{"url":"http://hl7.org/fhir/StructureDefinition/implementationguide-page","valueUri":"Observation-ViralLoadSuppressionExample1.html"}],"reference":{"reference":"Observation/ViralLoadSuppressionExample1"},"groupingId":"-other"},{"extension":[{"url":"http://hl7.org/fhir/StructureDefinition/implementationguide-page","valueUri":"ValueSet-vs-art-status.html"}],"reference":{"reference":"ValueSet/vs-art-status"},"name":"Value-set for ART Status code","description":"Value-set for ART status codes","groupingId":"-term-valueset"},{"extension":[{"url":"http://hl7.org/fhir/StructureDefinition/implementationguide-page","valueUri":"StructureDefinition-hiv-composition.html"}],"reference":{"reference":"StructureDefinition/hiv-composition"},"name":"HIV Case Reporting Composition","description":"HIV Case Reporting Composition","groupingId":"-str-profile"},{"extension":[{"url":"http://hl7.org/fhir/StructureDefinition/implementationguide-page","valueUri":"StructureDefinition-hiv-arv-treatment.html"}],"reference":{"reference":"StructureDefinition/hiv-arv-treatment"},"name":"ARVCarePlan","description":"This profile allows the exchange of a patient's ARV treatment","groupingId":"-str-profile"},{"extension":[{"url":"http://hl7.org/fhir/StructureDefinition/implementationguide-page","valueUri":"Observation-HIVRecencyResultExample.html"}],"reference":{"reference":"Observation/HIVRecencyResultExample"},"groupingId":"-other"},{"extension":[{"url":"http://hl7.org/fhir/StructureDefinition/implementationguide-page","valueUri":"ServiceRequest-HIVTransferOutExample.html"}],"reference":{"reference":"ServiceRequest/HIVTransferOutExample"},"groupingId":"-other"},{"extension":[{"url":"http://hl7.org/fhir/StructureDefinition/implementationguide-page","valueUri":"StructureDefinition-hiv-recency-result.html"}],"reference":{"reference":"StructureDefinition/hiv-recency-result"},"name":"HIV Recency Result","description":"This profile allows the exchange of a patient's hiv recency test","groupingId":"-str-profile"},{"extension":[{"url":"http://hl7.org/fhir/StructureDefinition/implementationguide-page","valueUri":"StructureDefinition-hiv-viral-load-suppression-most-recent-test-date.html"}],"reference":{"reference":"StructureDefinition/hiv-viral-load-suppression-most-recent-test-date"},"name":"HIV Viral Load Suppression Most Recent Test Date","description":"This profile is to determine the date of the HIV Test","groupingId":"-str-profile"},{"extension":[{"url":"http://hl7.org/fhir/StructureDefinition/implementationguide-page","valueUri":"StructureDefinition-hiv-transfer-out.html"}],"reference":{"reference":"StructureDefinition/hiv-transfer-out"},"name":"HIV Transfer Out Request","description":"HIV Transfer Out Request","groupingId":"-str-profile"},{"extension":[{"url":"http://hl7.org/fhir/StructureDefinition/implementationguide-page","valueUri":"StructureDefinition-hiv-episode-of-care.html"}],"reference":{"reference":"StructureDefinition/hiv-episode-of-care"},"name":"HIV Episode Of Care","groupingId":"-str-profile"},{"extension":[{"url":"http://hl7.org/fhir/StructureDefinition/implementationguide-page","valueUri":"Encounter-HIVClinicalEncounterExample.html"}],"reference":{"reference":"Encounter/HIVClinicalEncounterExample"},"groupingId":"-other"},{"extension":[{"url":"http://hl7.org/fhir/StructureDefinition/implementationguide-page","valueUri":"CodeSystem-cs-case-report-sections.html"}],"reference":{"reference":"CodeSystem/cs-case-report-sections"},"name":"HIV Case Report Sections codesystem","groupingId":"-term-codesystem"},{"extension":[{"url":"http://hl7.org/fhir/StructureDefinition/implementationguide-page","valueUri":"Composition-HIVCompositionExample.html"}],"reference":{"reference":"Composition/HIVCompositionExample"},"name":"HIV Case Report","groupingId":"-other"},{"extension":[{"url":"http://hl7.org/fhir/StructureDefinition/implementationguide-page","valueUri":"CodeSystem-cs-hiv-obs-codes.html"}],"reference":{"reference":"CodeSystem/cs-hiv-obs-codes"},"name":"HIV Case Report Observation codes","groupingId":"-term-codesystem"},{"extension":[{"url":"http://hl7.org/fhir/StructureDefinition/implementationguide-page","valueUri":"Procedure-VLProcedureInfoExample.html"}],"reference":{"reference":"Procedure/VLProcedureInfoExample"},"groupingId":"-other"},{"extension":[{"url":"http://hl7.org/fhir/StructureDefinition/implementationguide-page","valueUri":"Observation-ViralLoadSuppressionExample2.html"}],"reference":{"reference":"Observation/ViralLoadSuppressionExample2"},"groupingId":"-other"},{"extension":[{"url":"http://hl7.org/fhir/StructureDefinition/implementationguide-page","valueUri":"CarePlan-ARVTreatmentExample2.html"}],"reference":{"reference":"CarePlan/ARVTreatmentExample2"},"groupingId":"-other"},{"extension":[{"url":"http://hl7.org/fhir/StructureDefinition/implementationguide-page","valueUri":"StructureDefinition-art-status.html"}],"reference":{"reference":"StructureDefinition/art-status"},"name":"ART Status","groupingId":"-str-extension"},{"extension":[{"url":"http://hl7.org/fhir/StructureDefinition/implementationguide-page","valueUri":"StructureDefinition-viral-load-specimen.html"}],"reference":{"reference":"StructureDefinition/viral-load-specimen"},"name":"Viral Load Specimen","description":"Viral Load Specimen","groupingId":"-str-profile"},{"extension":[{"url":"http://hl7.org/fhir/StructureDefinition/implementationguide-page","valueUri":"StructureDefinition-hiv-med-req.html"}],"reference":{"reference":"StructureDefinition/hiv-med-req"},"name":"HIV Care Medication Request","description":"HIV Care Medication Request","groupingId":"-str-profile"},{"extension":[{"url":"http://hl7.org/fhir/StructureDefinition/implementationguide-page","valueUri":"StructureDefinition-hiv-viral-load-suppression.html"}],"reference":{"reference":"StructureDefinition/hiv-viral-load-suppression"},"name":"HIV viral load suppression","description":"HIV viral load","groupingId":"-str-profile"},{"extension":[{"url":"http://hl7.org/fhir/StructureDefinition/implementationguide-page","valueUri":"Bundle-HIVCaseReportingSubmitExample.html"}],"reference":{"reference":"Bundle/HIVCaseReportingSubmitExample"},"groupingId":"-other"},{"extension":[{"url":"http://hl7.org/fhir/StructureDefinition/implementationguide-page","valueUri":"StructureDefinition-hiv-patient.html"}],"reference":{"reference":"StructureDefinition/hiv-patient"},"name":"HIV Patient","description":"This Patient profile allows the exchange of patient information, including all the data associated with HIV patients","groupingId":"-str-profile"},{"extension":[{"url":"http://hl7.org/fhir/StructureDefinition/implementationguide-page","valueUri":"StructureDefinition-hiv-service-request.html"}],"reference":{"reference":"StructureDefinition/hiv-service-request"},"name":"HIV Service Request","description":"HIV Service Request","groupingId":"-str-profile"},{"extension":[{"url":"http://hl7.org/fhir/StructureDefinition/implementationguide-page","valueUri":"MedicationRequest-HIVCareMedicationRequestExample.html"}],"reference":{"reference":"MedicationRequest/HIVCareMedicationRequestExample"},"groupingId":"-other"},{"extension":[{"url":"http://hl7.org/fhir/StructureDefinition/implementationguide-page","valueUri":"ValueSet-vs-marital-status.html"}],"reference":{"reference":"ValueSet/vs-marital-status"},"name":"Marital Status","description":"Valueset - marital statuses","groupingId":"-term-valueset"},{"extension":[{"url":"http://hl7.org/fhir/StructureDefinition/implementationguide-page","valueUri":"Observation-HIVActualRecencyTestResultExample.html"}],"reference":{"reference":"Observation/HIVActualRecencyTestResultExample"},"groupingId":"-other"},{"extension":[{"url":"http://hl7.org/fhir/StructureDefinition/implementationguide-page","valueUri":"StructureDefinition-hiv-date-recency-test.html"}],"reference":{"reference":"StructureDefinition/hiv-date-recency-test"},"name":"HIV Date Recency Test","description":"This profile is to determine the data of the HIV Test","groupingId":"-str-profile"},{"extension":[{"url":"http://hl7.org/fhir/StructureDefinition/implementationguide-page","valueUri":"StructureDefinition-hiv-cd4-test.html"}],"reference":{"reference":"StructureDefinition/hiv-cd4-test"},"name":"CD4Observation","description":"This profile allows the exchange of a patient's CD4 test and results","groupingId":"-str-profile"},{"extension":[{"url":"http://hl7.org/fhir/StructureDefinition/implementationguide-page","valueUri":"ValueSet-vs-careplan-outcome.html"}],"reference":{"reference":"ValueSet/vs-careplan-outcome"},"name":"ARV treatment outcomes","description":"Value-set for ARV treatment plan outcomes","groupingId":"-term-valueset"},{"extension":[{"url":"http://hl7.org/fhir/StructureDefinition/implementationguide-page","valueUri":"ValueSet-vs-hiv-vl-reason.html"}],"reference":{"reference":"ValueSet/vs-hiv-vl-reason"},"name":"HIV VL Reason codes","description":"Valueset - Viral Load test reasons","groupingId":"-term-valueset"},{"extension":[{"url":"http://hl7.org/fhir/StructureDefinition/implementationguide-page","valueUri":"Observation-HIVRecencyTestConductedExample.html"}],"reference":{"reference":"Observation/HIVRecencyTestConductedExample"},"groupingId":"-other"},{"extension":[{"url":"http://hl7.org/fhir/StructureDefinition/implementationguide-page","valueUri":"StructureDefinition-death-obs.html"}],"reference":{"reference":"StructureDefinition/death-obs"},"name":"Death Obs","groupingId":"-str-profile"},{"extension":[{"url":"http://hl7.org/fhir/StructureDefinition/implementationguide-page","valueUri":"Observation-CD4Example1.html"}],"reference":{"reference":"Observation/CD4Example1"},"groupingId":"-other"},{"extension":[{"url":"http://hl7.org/fhir/StructureDefinition/implementationguide-page","valueUri":"StructureDefinition-hiv-organization.html"}],"reference":{"reference":"StructureDefinition/hiv-organization"},"name":"HIV Organization","description":"HIV Organization for case report - this represents a health facility","groupingId":"-str-profile"},{"extension":[{"url":"http://hl7.org/fhir/StructureDefinition/implementationguide-page","valueUri":"StructureDefinition-last-clinical-visit.html"}],"reference":{"reference":"StructureDefinition/last-clinical-visit"},"name":"Last Clinical Visit","groupingId":"-str-extension"},{"extension":[{"url":"http://hl7.org/fhir/StructureDefinition/implementationguide-page","valueUri":"ValueSet-vs-key-population.html"}],"reference":{"reference":"ValueSet/vs-key-population"},"name":"Key population","description":"A list of key population types","groupingId":"-term-valueset"},{"extension":[{"url":"http://hl7.org/fhir/StructureDefinition/implementationguide-page","valueUri":"CodeSystem-cs-vl-interpretation.html"}],"reference":{"reference":"CodeSystem/cs-vl-interpretation"},"name":"Viral load Interpretation","description":"A list of Viral load Interpretations","groupingId":"-term-codesystem"},{"extension":[{"url":"http://hl7.org/fhir/StructureDefinition/implementationguide-page","valueUri":"CodeSystem-cs-vl-suppression.html"}],"reference":{"reference":"CodeSystem/cs-vl-suppression"},"name":"Viral load Suppression","description":"A list of Viral load Suppression","groupingId":"-term-codesystem"},{"extension":[{"url":"http://hl7.org/fhir/StructureDefinition/implementationguide-page","valueUri":"StructureDefinition-key-population.html"}],"reference":{"reference":"StructureDefinition/key-population"},"name":"Key population","description":"Key population","groupingId":"-str-extension"},{"extension":[{"url":"http://hl7.org/fhir/StructureDefinition/implementationguide-page","valueUri":"StructureDefinition-hiv-clinical-encounter.html"}],"reference":{"reference":"StructureDefinition/hiv-clinical-encounter"},"name":"HIV Clinical Encounter","description":"HIV Encounter for a case report","groupingId":"-str-profile"},{"extension":[{"url":"http://hl7.org/fhir/StructureDefinition/implementationguide-page","valueUri":"Observation-CD4Example2.html"}],"reference":{"reference":"Observation/CD4Example2"},"groupingId":"-other"},{"extension":[{"url":"http://hl7.org/fhir/StructureDefinition/implementationguide-page","valueUri":"Observation-DeathExample.html"}],"reference":{"reference":"Observation/DeathExample"},"groupingId":"-other"},{"extension":[{"url":"http://hl7.org/fhir/StructureDefinition/implementationguide-page","valueUri":"CodeSystem-vl-reason-codes.html"}],"reference":{"reference":"CodeSystem/vl-reason-codes"},"name":"HIV VL Reason codes","description":"A list of Viral Load test reasons","groupingId":"-term-codesystem"},{"extension":[{"url":"http://hl7.org/fhir/StructureDefinition/implementationguide-page","valueUri":"StructureDefinition-hiv-recency-test-conducted.html"}],"reference":{"reference":"StructureDefinition/hiv-recency-test-conducted"},"name":"HIV Recency Test Conducted","description":"This profile allows the exchange of a patient's hiv recency test","groupingId":"-str-profile"},{"extension":[{"url":"http://hl7.org/fhir/StructureDefinition/implementationguide-page","valueUri":"StructureDefinition-hiv-acutal-recency-test-result.html"}],"reference":{"reference":"StructureDefinition/hiv-acutal-recency-test-result"},"name":"HIV Actual Recency Test Result","description":"This profile is to determine the recent test result","groupingId":"-str-profile"},{"extension":[{"url":"http://hl7.org/fhir/StructureDefinition/implementationguide-page","valueUri":"StructureDefinition-hiv-related-person.html"}],"reference":{"reference":"StructureDefinition/hiv-related-person"},"name":"HIV Related Person","description":"HIV Related Person","groupingId":"-str-profile"},{"extension":[{"url":"http://hl7.org/fhir/StructureDefinition/implementationguide-page","valueUri":"Organization-HIVOrganizationExample.html"}],"reference":{"reference":"Organization/HIVOrganizationExample"},"groupingId":"-other"},{"extension":[{"url":"http://hl7.org/fhir/StructureDefinition/implementationguide-page","valueUri":"Observation-ViralLoadSuppressionMostRecentTestResultExample.html"}],"reference":{"reference":"Observation/ViralLoadSuppressionMostRecentTestResultExample"},"groupingId":"-other"},{"extension":[{"url":"http://hl7.org/fhir/StructureDefinition/implementationguide-page","valueUri":"CodeSystem-cs-key-population.html"}],"reference":{"reference":"CodeSystem/cs-key-population"},"name":"Key population","description":"A list of key population types","groupingId":"-term-codesystem"},{"extension":[{"url":"http://hl7.org/fhir/StructureDefinition/implementationguide-page","valueUri":"CodeSystem-cs-artregimen-lines.html"}],"reference":{"reference":"CodeSystem/cs-artregimen-lines"},"name":"ART Regimen Lines","groupingId":"-term-codesystem"},{"extension":[{"url":"http://hl7.org/fhir/StructureDefinition/implementationguide-page","valueUri":"CodeSystem-cs-art-status.html"}],"reference":{"reference":"CodeSystem/cs-art-status"},"name":"ART Status code list","description":"A list of ART status codes","groupingId":"-term-codesystem"},{"extension":[{"url":"http://hl7.org/fhir/StructureDefinition/implementationguide-page","valueUri":"Patient-HIVPatientExample.html"}],"reference":{"reference":"Patient/HIVPatientExample"},"groupingId":"-other"},{"extension":[{"url":"http://hl7.org/fhir/StructureDefinition/implementationguide-page","valueUri":"StructureDefinition-hiv-diagnosis.html"}],"reference":{"reference":"StructureDefinition/hiv-diagnosis"},"name":"HIV Diagnosis","description":"This profile allows the exchange of a patient's hiv diagnosis","groupingId":"-str-profile"},{"extension":[{"url":"http://hl7.org/fhir/StructureDefinition/implementationguide-page","valueUri":"Specimen-VLSpecimenExample.html"}],"reference":{"reference":"Specimen/VLSpecimenExample"},"groupingId":"-other"},{"extension":[{"url":"http://hl7.org/fhir/StructureDefinition/implementationguide-page","valueUri":"ValueSet-vs-vl-causeofdeath.html"}],"reference":{"reference":"ValueSet/vs-vl-causeofdeath"},"name":"Cause Of Death","description":"Valueset - CauseOfDeaths","groupingId":"-term-valueset"},{"extension":[{"url":"http://hl7.org/fhir/StructureDefinition/implementationguide-page","valueUri":"ServiceRequest-HIVServiceRequestExample.html"}],"reference":{"reference":"ServiceRequest/HIVServiceRequestExample"},"groupingId":"-other"},{"extension":[{"url":"http://hl7.org/fhir/StructureDefinition/implementationguide-page","valueUri":"StructureDefinition-vl-procedure-info.html"}],"reference":{"reference":"StructureDefinition/vl-procedure-info"},"name":"VL Procedure info","description":"VL Procedure info","groupingId":"-str-profile"},{"extension":[{"url":"http://hl7.org/fhir/StructureDefinition/implementationguide-page","valueUri":"ValueSet-vs-vl-suppression.html"}],"reference":{"reference":"ValueSet/vs-vl-suppression"},"name":"Viral load Suppression","description":"Valueset - Viral load Suppression","groupingId":"-term-valueset"},{"extension":[{"url":"http://hl7.org/fhir/StructureDefinition/implementationguide-page","valueUri":"ValueSet-vs-artregimen-lines.html"}],"reference":{"reference":"ValueSet/vs-artregimen-lines"},"name":"VSART Regimen Lines","groupingId":"-term-valueset"},{"extension":[{"url":"http://hl7.org/fhir/StructureDefinition/implementationguide-page","valueUri":"EpisodeOfCare-HIVEpisodeOfCareExample.html"}],"reference":{"reference":"EpisodeOfCare/HIVEpisodeOfCareExample"},"groupingId":"-other"},{"extension":[{"url":"http://hl7.org/fhir/StructureDefinition/implementationguide-page","valueUri":"Observation-HIVTestDateExample.html"}],"reference":{"reference":"Observation/HIVTestDateExample"},"groupingId":"-other"},{"extension":[{"url":"http://hl7.org/fhir/StructureDefinition/implementationguide-page","valueUri":"StructureDefinition-hiv-care-next-visit.html"}],"reference":{"reference":"StructureDefinition/hiv-care-next-visit"},"name":"Next Appointment Date","groupingId":"-str-extension"},{"extension":[{"url":"http://hl7.org/fhir/StructureDefinition/implementationguide-page","valueUri":"Observation-ViralLoadSuppressionMostRecentTestDateExample.html"}],"reference":{"reference":"Observation/ViralLoadSuppressionMostRecentTestDateExample"},"groupingId":"-other"},{"extension":[{"url":"http://hl7.org/fhir/StructureDefinition/implementationguide-page","valueUri":"CarePlan-ARVTreatmentExample1.html"}],"reference":{"reference":"CarePlan/ARVTreatmentExample1"},"groupingId":"-other"},{"extension":[{"url":"http://hl7.org/fhir/StructureDefinition/implementationguide-page","valueUri":"StructureDefinition-hiv-viral-load-suppression-most-recent-test-result.html"}],"reference":{"reference":"StructureDefinition/hiv-viral-load-suppression-most-recent-test-result"},"name":"HIV Viral Load Suppression Most Recent Test Result","description":"This profile is to determine the result of the HIV Test","groupingId":"-str-profile"},{"extension":[{"url":"http://hl7.org/fhir/StructureDefinition/implementationguide-page","valueUri":"Encounter-HIVDiagnosisEncounterExample.html"}],"reference":{"reference":"Encounter/HIVDiagnosisEncounterExample"},"groupingId":"-other"},{"extension":[{"url":"http://hl7.org/fhir/StructureDefinition/implementationguide-page","valueUri":"StructureDefinition-art-regimen-line.html"}],"reference":{"reference":"StructureDefinition/art-regimen-line"},"name":"ART Regimen Line","groupingId":"-str-extension"},{"extension":[{"url":"http://hl7.org/fhir/StructureDefinition/implementationguide-page","valueUri":"ValueSet-vs-vl-interpretation.html"}],"reference":{"reference":"ValueSet/vs-vl-interpretation"},"name":"Viral load Interpretation","description":"Valueset - Viral load Interpretations","groupingId":"-term-valueset"}],"page":{"extension":[{"url":"http://hl7.org/fhir/tools/StructureDefinition/ig-page-name","valueUrl":"toc.html"}],"nameUrl":"toc.html","title":"Table of Contents","generation":"html","page":[{"extension":[{"url":"http://hl7.org/fhir/tools/StructureDefinition/ig-page-name","valueUrl":"index.html"}],"nameUrl":"index.html","title":"MyIG Home Page","generation":"html"},{"extension":[{"url":"http://hl7.org/fhir/tools/StructureDefinition/ig-page-name","valueUrl":"changes.html"}],"nameUrl":"changes.html","title":"IG Change History","generation":"html"},{"extension":[{"url":"http://hl7.org/fhir/tools/StructureDefinition/ig-page-name","valueUrl":"artifacts.html"}],"nameUrl":"artifacts.html","title":"Artifacts Summary","generation":"html","page":[{"extension":[{"url":"http://hl7.org/fhir/tools/StructureDefinition/ig-page-name","valueUrl":"StructureDefinition-hiv-disgnosis-encounter.html"}],"nameUrl":"StructureDefinition-hiv-disgnosis-encounter.html","title":"HIV Diagnosis Encounter","generation":"generated"},{"extension":[{"url":"http://hl7.org/fhir/tools/StructureDefinition/ig-page-name","valueUrl":"StructureDefinition-date-tested-for-hiv.html"}],"nameUrl":"StructureDefinition-date-tested-for-hiv.html","title":"HIVTestDateObservation","generation":"generated"},{"extension":[{"url":"http://hl7.org/fhir/tools/StructureDefinition/ig-page-name","valueUrl":"StructureDefinition-hiv-composition.html"}],"nameUrl":"StructureDefinition-hiv-composition.html","title":"HIV Case Reporting Composition","generation":"generated"},{"extension":[{"url":"http://hl7.org/fhir/tools/StructureDefinition/ig-page-name","valueUrl":"StructureDefinition-hiv-arv-treatment.html"}],"nameUrl":"StructureDefinition-hiv-arv-treatment.html","title":"ARVCarePlan","generation":"generated"},{"extension":[{"url":"http://hl7.org/fhir/tools/StructureDefinition/ig-page-name","valueUrl":"StructureDefinition-hiv-recency-result.html"}],"nameUrl":"StructureDefinition-hiv-recency-result.html","title":"HIV Recency Result","generation":"generated"},{"extension":[{"url":"http://hl7.org/fhir/tools/StructureDefinition/ig-page-name","valueUrl":"StructureDefinition-hiv-viral-load-suppression-most-recent-test-date.html"}],"nameUrl":"StructureDefinition-hiv-viral-load-suppression-most-recent-test-date.html","title":"HIV Viral Load Suppression Most Recent Test Date","generation":"generated"},{"extension":[{"url":"http://hl7.org/fhir/tools/StructureDefinition/ig-page-name","valueUrl":"StructureDefinition-hiv-transfer-out.html"}],"nameUrl":"StructureDefinition-hiv-transfer-out.html","title":"HIV Transfer Out Request","generation":"generated"},{"extension":[{"url":"http://hl7.org/fhir/tools/StructureDefinition/ig-page-name","valueUrl":"StructureDefinition-hiv-episode-of-care.html"}],"nameUrl":"StructureDefinition-hiv-episode-of-care.html","title":"HIV Episode Of Care","generation":"generated"},{"extension":[{"url":"http://hl7.org/fhir/tools/StructureDefinition/ig-page-name","valueUrl":"StructureDefinition-viral-load-specimen.html"}],"nameUrl":"StructureDefinition-viral-load-specimen.html","title":"Viral Load Specimen","generation":"generated"},{"extension":[{"url":"http://hl7.org/fhir/tools/StructureDefinition/ig-page-name","valueUrl":"StructureDefinition-hiv-med-req.html"}],"nameUrl":"StructureDefinition-hiv-med-req.html","title":"HIV Care Medication Request","generation":"generated"},{"extension":[{"url":"http://hl7.org/fhir/tools/StructureDefinition/ig-page-name","valueUrl":"StructureDefinition-hiv-viral-load-suppression.html"}],"nameUrl":"StructureDefinition-hiv-viral-load-suppression.html","title":"HIV viral load suppression","generation":"generated"},{"extension":[{"url":"http://hl7.org/fhir/tools/StructureDefinition/ig-page-name","valueUrl":"StructureDefinition-hiv-patient.html"}],"nameUrl":"StructureDefinition-hiv-patient.html","title":"HIV Patient","generation":"generated"},{"extension":[{"url":"http://hl7.org/fhir/tools/StructureDefinition/ig-page-name","valueUrl":"StructureDefinition-hiv-service-request.html"}],"nameUrl":"StructureDefinition-hiv-service-request.html","title":"HIV Service Request","generation":"generated"},{"extension":[{"url":"http://hl7.org/fhir/tools/StructureDefinition/ig-page-name","valueUrl":"StructureDefinition-hiv-date-recency-test.html"}],"nameUrl":"StructureDefinition-hiv-date-recency-test.html","title":"HIV Date Recency Test","generation":"generated"},{"extension":[{"url":"http://hl7.org/fhir/tools/StructureDefinition/ig-page-name","valueUrl":"StructureDefinition-hiv-cd4-test.html"}],"nameUrl":"StructureDefinition-hiv-cd4-test.html","title":"CD4Observation","generation":"generated"},{"extension":[{"url":"http://hl7.org/fhir/tools/StructureDefinition/ig-page-name","valueUrl":"StructureDefinition-death-obs.html"}],"nameUrl":"StructureDefinition-death-obs.html","title":"Death Obs","generation":"generated"},{"extension":[{"url":"http://hl7.org/fhir/tools/StructureDefinition/ig-page-name","valueUrl":"StructureDefinition-hiv-organization.html"}],"nameUrl":"StructureDefinition-hiv-organization.html","title":"HIV Organization","generation":"generated"},{"extension":[{"url":"http://hl7.org/fhir/tools/StructureDefinition/ig-page-name","valueUrl":"StructureDefinition-hiv-clinical-encounter.html"}],"nameUrl":"StructureDefinition-hiv-clinical-encounter.html","title":"HIV Clinical Encounter","generation":"generated"},{"extension":[{"url":"http://hl7.org/fhir/tools/StructureDefinition/ig-page-name","valueUrl":"StructureDefinition-hiv-recency-test-conducted.html"}],"nameUrl":"StructureDefinition-hiv-recency-test-conducted.html","title":"HIV Recency Test Conducted","generation":"generated"},{"extension":[{"url":"http://hl7.org/fhir/tools/StructureDefinition/ig-page-name","valueUrl":"StructureDefinition-hiv-acutal-recency-test-result.html"}],"nameUrl":"StructureDefinition-hiv-acutal-recency-test-result.html","title":"HIV Actual Recency Test Result","generation":"generated"},{"extension":[{"url":"http://hl7.org/fhir/tools/StructureDefinition/ig-page-name","valueUrl":"StructureDefinition-hiv-related-person.html"}],"nameUrl":"StructureDefinition-hiv-related-person.html","title":"HIV Related Person","generation":"generated"},{"extension":[{"url":"http://hl7.org/fhir/tools/StructureDefinition/ig-page-name","valueUrl":"StructureDefinition-hiv-diagnosis.html"}],"nameUrl":"StructureDefinition-hiv-diagnosis.html","title":"HIV Diagnosis","generation":"generated"},{"extension":[{"url":"http://hl7.org/fhir/tools/StructureDefinition/ig-page-name","valueUrl":"StructureDefinition-vl-procedure-info.html"}],"nameUrl":"StructureDefinition-vl-procedure-info.html","title":"VL Procedure info","generation":"generated"},{"extension":[{"url":"http://hl7.org/fhir/tools/StructureDefinition/ig-page-name","valueUrl":"StructureDefinition-hiv-viral-load-suppression-most-recent-test-result.html"}],"nameUrl":"StructureDefinition-hiv-viral-load-suppression-most-recent-test-result.html","title":"HIV Viral Load Suppression Most Recent Test Result","generation":"generated"},{"extension":[{"url":"http://hl7.org/fhir/tools/StructureDefinition/ig-page-name","valueUrl":"StructureDefinition-art-status.html"}],"nameUrl":"StructureDefinition-art-status.html","title":"ART Status","generation":"generated"},{"extension":[{"url":"http://hl7.org/fhir/tools/StructureDefinition/ig-page-name","valueUrl":"StructureDefinition-last-clinical-visit.html"}],"nameUrl":"StructureDefinition-last-clinical-visit.html","title":"Last Clinical Visit","generation":"generated"},{"extension":[{"url":"http://hl7.org/fhir/tools/StructureDefinition/ig-page-name","valueUrl":"StructureDefinition-key-population.html"}],"nameUrl":"StructureDefinition-key-population.html","title":"Key population","generation":"generated"},{"extension":[{"url":"http://hl7.org/fhir/tools/StructureDefinition/ig-page-name","valueUrl":"StructureDefinition-hiv-care-next-visit.html"}],"nameUrl":"StructureDefinition-hiv-care-next-visit.html","title":"Next Appointment Date","generation":"generated"},{"extension":[{"url":"http://hl7.org/fhir/tools/StructureDefinition/ig-page-name","valueUrl":"StructureDefinition-art-regimen-line.html"}],"nameUrl":"StructureDefinition-art-regimen-line.html","title":"ART Regimen Line","generation":"generated"},{"extension":[{"url":"http://hl7.org/fhir/tools/StructureDefinition/ig-page-name","valueUrl":"ValueSet-vs-art-status.html"}],"nameUrl":"ValueSet-vs-art-status.html","title":"Value-set for ART Status code","generation":"generated"},{"extension":[{"url":"http://hl7.org/fhir/tools/StructureDefinition/ig-page-name","valueUrl":"ValueSet-vs-marital-status.html"}],"nameUrl":"ValueSet-vs-marital-status.html","title":"Marital Status","generation":"generated"},{"extension":[{"url":"http://hl7.org/fhir/tools/StructureDefinition/ig-page-name","valueUrl":"ValueSet-vs-careplan-outcome.html"}],"nameUrl":"ValueSet-vs-careplan-outcome.html","title":"ARV treatment outcomes","generation":"generated"},{"extension":[{"url":"http://hl7.org/fhir/tools/StructureDefinition/ig-page-name","valueUrl":"ValueSet-vs-hiv-vl-reason.html"}],"nameUrl":"ValueSet-vs-hiv-vl-reason.html","title":"HIV VL Reason codes","generation":"generated"},{"extension":[{"url":"http://hl7.org/fhir/tools/StructureDefinition/ig-page-name","valueUrl":"ValueSet-vs-key-population.html"}],"nameUrl":"ValueSet-vs-key-population.html","title":"Key population","generation":"generated"},{"extension":[{"url":"http://hl7.org/fhir/tools/StructureDefinition/ig-page-name","valueUrl":"ValueSet-vs-vl-causeofdeath.html"}],"nameUrl":"ValueSet-vs-vl-causeofdeath.html","title":"Cause Of Death","generation":"generated"},{"extension":[{"url":"http://hl7.org/fhir/tools/StructureDefinition/ig-page-name","valueUrl":"ValueSet-vs-vl-suppression.html"}],"nameUrl":"ValueSet-vs-vl-suppression.html","title":"Viral load Suppression","generation":"generated"},{"extension":[{"url":"http://hl7.org/fhir/tools/StructureDefinition/ig-page-name","valueUrl":"ValueSet-vs-artregimen-lines.html"}],"nameUrl":"ValueSet-vs-artregimen-lines.html","title":"VSART Regimen Lines","generation":"generated"},{"extension":[{"url":"http://hl7.org/fhir/tools/StructureDefinition/ig-page-name","valueUrl":"ValueSet-vs-vl-interpretation.html"}],"nameUrl":"ValueSet-vs-vl-interpretation.html","title":"Viral load Interpretation","generation":"generated"},{"extension":[{"url":"http://hl7.org/fhir/tools/StructureDefinition/ig-page-name","valueUrl":"CodeSystem-cs-vl-causeofdeath.html"}],"nameUrl":"CodeSystem-cs-vl-causeofdeath.html","title":"Cause Of Death","generation":"generated"},{"extension":[{"url":"http://hl7.org/fhir/tools/StructureDefinition/ig-page-name","valueUrl":"CodeSystem-cs-case-report-sections.html"}],"nameUrl":"CodeSystem-cs-case-report-sections.html","title":"HIV Case Report Sections codesystem","generation":"generated"},{"extension":[{"url":"http://hl7.org/fhir/tools/StructureDefinition/ig-page-name","valueUrl":"CodeSystem-cs-hiv-obs-codes.html"}],"nameUrl":"CodeSystem-cs-hiv-obs-codes.html","title":"HIV Case Report Observation codes","generation":"generated"},{"extension":[{"url":"http://hl7.org/fhir/tools/StructureDefinition/ig-page-name","valueUrl":"CodeSystem-cs-vl-interpretation.html"}],"nameUrl":"CodeSystem-cs-vl-interpretation.html","title":"Viral load Interpretation","generation":"generated"},{"extension":[{"url":"http://hl7.org/fhir/tools/StructureDefinition/ig-page-name","valueUrl":"CodeSystem-cs-vl-suppression.html"}],"nameUrl":"CodeSystem-cs-vl-suppression.html","title":"Viral load Suppression","generation":"generated"},{"extension":[{"url":"http://hl7.org/fhir/tools/StructureDefinition/ig-page-name","valueUrl":"CodeSystem-vl-reason-codes.html"}],"nameUrl":"CodeSystem-vl-reason-codes.html","title":"HIV VL Reason codes","generation":"generated"},{"extension":[{"url":"http://hl7.org/fhir/tools/StructureDefinition/ig-page-name","valueUrl":"CodeSystem-cs-key-population.html"}],"nameUrl":"CodeSystem-cs-key-population.html","title":"Key population","generation":"generated"},{"extension":[{"url":"http://hl7.org/fhir/tools/StructureDefinition/ig-page-name","valueUrl":"CodeSystem-cs-artregimen-lines.html"}],"nameUrl":"CodeSystem-cs-artregimen-lines.html","title":"ART Regimen Lines","generation":"generated"},{"extension":[{"url":"http://hl7.org/fhir/tools/StructureDefinition/ig-page-name","valueUrl":"CodeSystem-cs-art-status.html"}],"nameUrl":"CodeSystem-cs-art-status.html","title":"ART Status code list","generation":"generated"},{"extension":[{"url":"http://hl7.org/fhir/tools/StructureDefinition/ig-page-name","valueUrl":"Observation-HIVDateOfRecencyTestExample.html"}],"nameUrl":"Observation-HIVDateOfRecencyTestExample.html","generation":"generated"},{"extension":[{"url":"http://hl7.org/fhir/tools/StructureDefinition/ig-page-name","valueUrl":"RelatedPerson-GuardianExample.html"}],"nameUrl":"RelatedPerson-GuardianExample.html","generation":"generated"},{"extension":[{"url":"http://hl7.org/fhir/tools/StructureDefinition/ig-page-name","valueUrl":"Condition-HIVDiagnosisExample.html"}],"nameUrl":"Condition-HIVDiagnosisExample.html","generation":"generated"},{"extension":[{"url":"http://hl7.org/fhir/tools/StructureDefinition/ig-page-name","valueUrl":"Observation-ViralLoadSuppressionExample1.html"}],"nameUrl":"Observation-ViralLoadSuppressionExample1.html","generation":"generated"},{"extension":[{"url":"http://hl7.org/fhir/tools/StructureDefinition/ig-page-name","valueUrl":"Observation-HIVRecencyResultExample.html"}],"nameUrl":"Observation-HIVRecencyResultExample.html","generation":"generated"},{"extension":[{"url":"http://hl7.org/fhir/tools/StructureDefinition/ig-page-name","valueUrl":"ServiceRequest-HIVTransferOutExample.html"}],"nameUrl":"ServiceRequest-HIVTransferOutExample.html","generation":"generated"},{"extension":[{"url":"http://hl7.org/fhir/tools/StructureDefinition/ig-page-name","valueUrl":"Encounter-HIVClinicalEncounterExample.html"}],"nameUrl":"Encounter-HIVClinicalEncounterExample.html","generation":"generated"},{"extension":[{"url":"http://hl7.org/fhir/tools/StructureDefinition/ig-page-name","valueUrl":"Composition-HIVCompositionExample.html"}],"nameUrl":"Composition-HIVCompositionExample.html","title":"HIV Case Report","generation":"generated"},{"extension":[{"url":"http://hl7.org/fhir/tools/StructureDefinition/ig-page-name","valueUrl":"Procedure-VLProcedureInfoExample.html"}],"nameUrl":"Procedure-VLProcedureInfoExample.html","generation":"generated"},{"extension":[{"url":"http://hl7.org/fhir/tools/StructureDefinition/ig-page-name","valueUrl":"Observation-ViralLoadSuppressionExample2.html"}],"nameUrl":"Observation-ViralLoadSuppressionExample2.html","generation":"generated"},{"extension":[{"url":"http://hl7.org/fhir/tools/StructureDefinition/ig-page-name","valueUrl":"CarePlan-ARVTreatmentExample2.html"}],"nameUrl":"CarePlan-ARVTreatmentExample2.html","generation":"generated"},{"extension":[{"url":"http://hl7.org/fhir/tools/StructureDefinition/ig-page-name","valueUrl":"Bundle-HIVCaseReportingSubmitExample.html"}],"nameUrl":"Bundle-HIVCaseReportingSubmitExample.html","generation":"generated"},{"extension":[{"url":"http://hl7.org/fhir/tools/StructureDefinition/ig-page-name","valueUrl":"MedicationRequest-HIVCareMedicationRequestExample.html"}],"nameUrl":"MedicationRequest-HIVCareMedicationRequestExample.html","generation":"generated"},{"extension":[{"url":"http://hl7.org/fhir/tools/StructureDefinition/ig-page-name","valueUrl":"Observation-HIVActualRecencyTestResultExample.html"}],"nameUrl":"Observation-HIVActualRecencyTestResultExample.html","generation":"generated"},{"extension":[{"url":"http://hl7.org/fhir/tools/StructureDefinition/ig-page-name","valueUrl":"Observation-HIVRecencyTestConductedExample.html"}],"nameUrl":"Observation-HIVRecencyTestConductedExample.html","generation":"generated"},{"extension":[{"url":"http://hl7.org/fhir/tools/StructureDefinition/ig-page-name","valueUrl":"Observation-CD4Example1.html"}],"nameUrl":"Observation-CD4Example1.html","generation":"generated"},{"extension":[{"url":"http://hl7.org/fhir/tools/StructureDefinition/ig-page-name","valueUrl":"Observation-CD4Example2.html"}],"nameUrl":"Observation-CD4Example2.html","generation":"generated"},{"extension":[{"url":"http://hl7.org/fhir/tools/StructureDefinition/ig-page-name","valueUrl":"Observation-DeathExample.html"}],"nameUrl":"Observation-DeathExample.html","generation":"generated"},{"extension":[{"url":"http://hl7.org/fhir/tools/StructureDefinition/ig-page-name","valueUrl":"Organization-HIVOrganizationExample.html"}],"nameUrl":"Organization-HIVOrganizationExample.html","generation":"generated"},{"extension":[{"url":"http://hl7.org/fhir/tools/StructureDefinition/ig-page-name","valueUrl":"Observation-ViralLoadSuppressionMostRecentTestResultExample.html"}],"nameUrl":"Observation-ViralLoadSuppressionMostRecentTestResultExample.html","generation":"generated"},{"extension":[{"url":"http://hl7.org/fhir/tools/StructureDefinition/ig-page-name","valueUrl":"Patient-HIVPatientExample.html"}],"nameUrl":"Patient-HIVPatientExample.html","generation":"generated"},{"extension":[{"url":"http://hl7.org/fhir/tools/StructureDefinition/ig-page-name","valueUrl":"Specimen-VLSpecimenExample.html"}],"nameUrl":"Specimen-VLSpecimenExample.html","generation":"generated"},{"extension":[{"url":"http://hl7.org/fhir/tools/StructureDefinition/ig-page-name","valueUrl":"ServiceRequest-HIVServiceRequestExample.html"}],"nameUrl":"ServiceRequest-HIVServiceRequestExample.html","generation":"generated"},{"extension":[{"url":"http://hl7.org/fhir/tools/StructureDefinition/ig-page-name","valueUrl":"EpisodeOfCare-HIVEpisodeOfCareExample.html"}],"nameUrl":"EpisodeOfCare-HIVEpisodeOfCareExample.html","generation":"generated"},{"extension":[{"url":"http://hl7.org/fhir/tools/StructureDefinition/ig-page-name","valueUrl":"Observation-HIVTestDateExample.html"}],"nameUrl":"Observation-HIVTestDateExample.html","generation":"generated"},{"extension":[{"url":"http://hl7.org/fhir/tools/StructureDefinition/ig-page-name","valueUrl":"Observation-ViralLoadSuppressionMostRecentTestDateExample.html"}],"nameUrl":"Observation-ViralLoadSuppressionMostRecentTestDateExample.html","generation":"generated"},{"extension":[{"url":"http://hl7.org/fhir/tools/StructureDefinition/ig-page-name","valueUrl":"CarePlan-ARVTreatmentExample1.html"}],"nameUrl":"CarePlan-ARVTreatmentExample1.html","generation":"generated"},{"extension":[{"url":"http://hl7.org/fhir/tools/StructureDefinition/ig-page-name","valueUrl":"Encounter-HIVDiagnosisEncounterExample.html"}],"nameUrl":"Encounter-HIVDiagnosisEncounterExample.html","generation":"generated"}]}]},"parameter":[{"code":"path-resource","value":"input\\history"},{"code":"path-resource","value":"input\\scenarios"},{"code":"path-resource","value":"input/capabilities"},{"code":"path-resource","value":"input/examples"},{"code":"path-resource","value":"input/extensions"},{"code":"path-resource","value":"input/models"},{"code":"path-resource","value":"input/operations"},{"code":"path-resource","value":"input/profiles"},{"code":"path-resource","value":"input/resources"},{"code":"path-resource","value":"input/vocabulary"},{"code":"path-resource","value":"input/testing"},{"code":"path-resource","value":"input/history"},{"code":"path-resource","value":"fsh-generated/resources"},{"code":"path-pages","value":"template/config"},{"code":"path-pages","value":"input/images"},{"code":"path-tx-cache","value":"input-cache/txcache"}]}}