{"resourceType":"ValueSet","id":"vs-hiv-vl-reason","text":{"status":"generated","div":"<div xmlns=\"http://www.w3.org/1999/xhtml\"><ul><li>Include all codes defined in <a href=\"CodeSystem-vl-reason-codes.html\"><code>http://jembi.org/fhir/hiv-casereporting/CodeSystem/vl-reason-codes</code></a></li></ul></div>"},"url":"http://jembi.org/fhir/hiv-casereporting/ValueSet/vs-hiv-vl-reason","version":"0.1.0-test","name":"VSHIVVLReason","title":"HIV VL Reason codes","status":"active","date":"2022-11-24T14:29:27+00:00","publisher":"xxxYour Work Group","contact":[{"telecom":[{"system":"url","value":"http://xxhl7.org/Special/committees/[something]"}]}],"description":"Valueset - Viral Load test reasons","jurisdiction":[{"coding":[{"system":"http://unstats.un.org/unsd/methods/m49/m49.htm","code":"001"}]}],"compose":{"include":[{"system":"http://jembi.org/fhir/hiv-casereporting/CodeSystem/vl-reason-codes"}]}}