{"resourceType":"ValueSet","id":"vs-vl-interpretation","text":{"status":"generated","div":"<div xmlns=\"http://www.w3.org/1999/xhtml\"><ul><li>Include all codes defined in <a href=\"CodeSystem-cs-vl-interpretation.html\"><code>http://example.com/fhir/example/CodeSystem/cs-vl-interpretation</code></a></li></ul></div>"},"url":"http://example.com/fhir/example/ValueSet/vs-vl-interpretation","version":"0.1.0-test","name":"VSVLInterpretation","title":"Viral load Interpretation","status":"active","date":"2022-11-15T14:41:26+00:00","publisher":"xxxYour Work Group","contact":[{"telecom":[{"system":"url","value":"http://xxhl7.org/Special/committees/[something]"}]}],"description":"Valueset - Viral load Interpretations","jurisdiction":[{"coding":[{"system":"http://unstats.un.org/unsd/methods/m49/m49.htm","code":"001"}]}],"compose":{"include":[{"system":"http://example.com/fhir/example/CodeSystem/cs-vl-interpretation"}]}}