{
  "resourceType": "Observation",
  "id": "CD4Example2",
  "meta": {
    "profile": [
      "http://jembi.org/fhir/hiv-casereporting/StructureDefinition/hiv-cd4-test"
    ]
  },
  "text": {
    "status": "generated",
    "div": "<div xmlns=\"http://www.w3.org/1999/xhtml\"><p><b>Generated Narrative: Observation</b><a name=\"CD4Example2\"> </a></p><div style=\"display: inline-block; background-color: #d9e0e7; padding: 6px; margin: 4px; border: 1px solid #8da1b4; border-radius: 5px; line-height: 60%\"><p style=\"margin-bottom: 0px\">Resource Observation &quot;CD4Example2&quot; </p><p style=\"margin-bottom: 0px\">Profile: <a href=\"StructureDefinition-hiv-cd4-test.html\">CD4Observation</a></p></div><p><b>status</b>: final</p><p><b>code</b>: CD4 result <span style=\"background: LightGoldenRodYellow; margin: 4px; border: 1px solid khaki\"> (<a href=\"CodeSystem-cs-hiv-obs-codes.html\">HIV Case Report Observation codes</a>#CD4-RESULT)</span></p><p><b>subject</b>: <a href=\"Patient-HIVPatientExample.html\">Patient/HIVPatientExample</a> &quot; SMITH&quot;</p><p><b>effective</b>: 2021-08-26</p><blockquote><p><b>component</b></p><p><b>code</b>: CD4 result <span style=\"background: LightGoldenRodYellow; margin: 4px; border: 1px solid khaki\"> (<a href=\"https://browser.ihtsdotools.org/\">SNOMED CT</a>#113056008)</span></p><p><b>value</b>: 200</p></blockquote><blockquote><p><b>component</b></p><p><b>code</b>: CD4 percentage <span style=\"background: LightGoldenRodYellow; margin: 4px; border: 1px solid khaki\"> (<a href=\"https://browser.ihtsdotools.org/\">SNOMED CT</a>#313938009)</span></p><p><b>value</b>: 30</p></blockquote></div>"
  },
  "status": "final",
  "code": {
    "coding": [
      {
        "system": "http://jembi.org/fhir/hiv-casereporting/CodeSystem/cs-hiv-obs-codes",
        "code": "CD4-RESULT",
        "display": "CD4 result"
      }
    ]
  },
  "subject": {
    "reference": "Patient/HIVPatientExample"
  },
  "effectiveDateTime": "2021-08-26",
  "component": [
    {
      "code": {
        "coding": [
          {
            "system": "http://snomed.info/sct",
            "code": "113056008",
            "display": "CD4 result"
          }
        ]
      },
      "valueInteger": 200
    },
    {
      "code": {
        "coding": [
          {
            "system": "http://snomed.info/sct",
            "code": "313938009",
            "display": "CD4 percentage"
          }
        ]
      },
      "valueInteger": 30
    }
  ]
}