{
  "resourceType": "ServiceRequest",
  "id": "HIVTransferOutExample",
  "meta": {
    "profile": [
      "http://jembi.org/fhir/hiv-casereporting/StructureDefinition/hiv-transfer-out"
    ]
  },
  "text": {
    "status": "generated",
    "div": "<div xmlns=\"http://www.w3.org/1999/xhtml\"><p><b>Generated Narrative: ServiceRequest</b><a name=\"HIVTransferOutExample\"> </a></p><div style=\"display: inline-block; background-color: #d9e0e7; padding: 6px; margin: 4px; border: 1px solid #8da1b4; border-radius: 5px; line-height: 60%\"><p style=\"margin-bottom: 0px\">Resource ServiceRequest &quot;HIVTransferOutExample&quot; </p><p style=\"margin-bottom: 0px\">Profile: <a href=\"StructureDefinition-hiv-transfer-out.html\">HIV Transfer Out Request</a></p></div><p><b>status</b>: active</p><p><b>intent</b>: proposal</p><p><b>subject</b>: <a href=\"Patient-HIVPatientExample.html\">Patient/HIVPatientExample</a> &quot; SMITH&quot;</p><p><b>occurrence</b>: 2021-08-26</p></div>"
  },
  "status": "active",
  "intent": "proposal",
  "subject": {
    "reference": "Patient/HIVPatientExample"
  },
  "occurrenceDateTime": "2021-08-26"
}